,GrLivArea,GarageCars,GarageArea,TotalBsmtSF,1stFlrSF,ExterQual_TA,FullBath,TotRmsAbvGrd,KitchenQual_TA,Foundation_PConc,MasVnrArea,FireplaceQu_Na,Fireplaces,ExterQual_Gd,BsmtQual_TA,BsmtFinType1_GLQ,OverallQual_8,GarageFinish_Unf,OverallQual_9,Neighborhood_NridgHt
0,1710,2,548,856,856,0,2,8,0,1,196,1,0,1,0,1,0,0,0,0
1,1262,2,460,1262,1262,1,2,6,1,0,0,0,1,0,0,0,0,0,0,0
2,1786,2,608,920,920,0,2,6,0,1,162,0,1,1,0,1,0,0,0,0
3,1717,3,642,756,961,1,1,7,0,0,0,0,1,0,1,0,0,1,0,0
4,2198,3,836,1145,1145,0,2,9,0,1,350,0,1,1,0,1,1,0,0,0
5,1362,2,480,796,796,1,1,5,1,0,0,1,0,0,0,1,0,1,0,0
6,1694,2,636,1686,1694,0,2,7,0,1,186,0,1,1,0,1,1,0,0,0
7,2090,2,484,1107,1107,1,2,7,1,0,240,0,2,0,0,0,0,0,0,0
8,1774,2,468,952,1022,1,2,8,1,0,0,0,2,0,1,0,0,1,0,0
9,1077,1,205,991,1077,1,1,5,1,0,0,0,2,0,1,1,0,0,0,0
10,1040,1,384,1040,1040,1,1,5,1,0,0,1,0,0,1,0,0,1,0,0
11,2324,3,736,1175,1182,0,3,11,0,1,286,0,2,0,0,1,0,0,1,1
12,912,1,352,912,912,1,1,4,1,0,0,1,0,0,1,0,0,1,0,0
13,1494,3,840,1494,1494,0,2,7,0,1,306,0,1,1,0,0,0,0,0,0
14,1253,1,352,1253,1253,1,1,5,1,0,212,0,1,0,1,0,0,0,0,0
15,854,2,576,832,854,1,1,5,1,0,0,1,0,0,1,0,0,1,0,0
16,1004,2,480,1004,1004,1,1,5,1,0,180,0,1,0,1,0,0,0,0,0
17,1296,2,516,0,1296,1,2,6,1,0,0,1,0,0,0,0,0,1,0,0
18,1114,2,576,1114,1114,1,1,6,0,1,0,1,0,0,1,1,0,1,0,0
19,1339,1,294,1029,1339,1,1,6,1,0,0,1,0,0,1,0,0,1,0,0
20,2376,3,853,1158,1158,0,3,9,0,1,380,0,1,1,0,0,1,0,0,1
21,1108,1,280,637,1108,1,1,6,0,1,0,0,1,0,1,0,0,1,0,0
22,1795,2,534,1777,1795,0,2,7,0,1,281,0,1,1,0,0,1,0,0,0
23,1060,2,572,1040,1060,1,1,6,1,1,0,0,1,0,0,1,0,1,0,0
24,1060,1,270,1060,1060,1,1,6,0,0,0,0,1,0,1,0,0,1,0,0
25,1600,3,890,1566,1600,0,2,7,0,1,640,0,1,1,0,0,1,0,0,1
26,900,2,576,900,900,1,1,5,0,0,0,1,0,0,1,0,0,1,0,0
27,1704,3,772,1704,1704,0,2,7,0,1,200,0,1,1,0,1,1,0,0,1
28,1600,1,319,1484,1600,1,1,6,1,0,0,0,2,0,1,0,0,0,0,0
29,520,1,240,520,520,1,1,4,0,0,0,1,0,0,1,0,0,1,0,0
30,1317,1,250,649,649,1,1,6,1,0,0,1,0,0,1,0,0,1,0,0
31,1228,1,271,1228,1228,1,1,6,0,0,0,1,0,0,1,0,0,1,0,0
32,1234,2,484,1234,1234,0,2,7,0,1,0,1,0,1,0,0,1,0,0,0
33,1700,2,447,1398,1700,1,1,6,0,0,0,0,1,0,1,0,0,0,0,0
34,1561,2,556,1561,1561,0,2,6,0,1,246,0,1,0,0,1,0,0,1,1
35,2452,3,691,1117,1132,0,3,9,0,1,132,0,1,1,0,0,1,0,0,1
36,1097,2,672,1097,1097,1,1,6,1,1,0,1,0,0,0,0,0,1,0,0
37,1297,2,498,1297,1297,1,1,5,1,0,650,0,1,0,1,0,0,0,0,0
38,1057,1,246,1057,1057,1,1,5,0,0,0,1,0,0,1,1,0,1,0,0
39,1152,0,0,0,1152,1,2,6,0,1,0,1,0,0,0,0,0,0,0,0
40,1324,2,440,1088,1324,1,2,6,1,0,101,0,1,0,1,0,0,0,0,0
41,1328,1,308,1350,1328,1,1,5,1,0,0,0,2,0,1,0,0,0,0,0
42,884,2,504,840,884,1,1,5,0,0,0,1,0,0,0,0,0,0,0,0
43,938,1,308,938,938,1,1,5,1,0,0,1,0,0,0,0,0,1,0,0
44,1150,1,300,1150,1150,1,1,6,1,0,0,1,0,0,1,0,0,0,0,0
45,1752,2,576,1752,1752,0,2,6,0,1,412,0,1,0,0,1,0,0,1,1
46,2149,2,670,1434,1518,0,1,6,0,1,0,0,1,1,0,1,0,0,0,0
47,1656,3,826,1656,1656,0,2,7,0,1,0,1,0,1,0,1,1,0,0,0
48,1452,0,0,736,736,1,2,8,1,0,0,1,0,0,1,0,0,0,0,0
49,955,1,386,955,955,1,1,6,1,0,0,1,0,0,1,0,0,1,0,0
50,1470,2,388,794,794,1,2,6,1,1,0,1,0,0,0,1,0,0,0,0
51,1176,2,528,816,816,1,1,6,1,1,0,0,1,0,1,0,0,1,0,0
52,816,2,516,816,816,0,1,5,1,0,0,1,0,0,0,0,0,1,0,0
53,1842,3,894,1842,1842,0,0,5,0,0,0,0,1,1,0,1,0,0,1,0
54,1360,2,572,384,1360,1,1,6,1,0,0,0,1,0,1,0,0,1,0,0
55,1425,2,576,1425,1425,1,2,7,1,0,272,0,1,0,1,0,0,0,0,0
56,1739,2,480,970,983,0,2,7,0,1,456,1,0,1,0,1,1,0,0,0
57,1720,2,565,860,860,0,2,7,0,1,0,1,0,1,0,0,0,0,0,0
58,2945,3,641,1410,1426,0,3,10,0,1,1031,0,1,0,0,0,0,0,0,0
59,780,1,352,780,780,1,1,4,1,0,0,1,0,0,1,0,0,1,0,0
60,1158,2,576,1158,1158,1,1,5,0,1,0,1,0,0,0,0,0,1,0,0
61,1111,1,288,530,581,1,1,6,0,0,0,1,0,0,1,0,0,1,0,0
62,1370,2,484,1370,1370,0,2,6,0,1,178,0,1,1,0,1,1,0,0,1
63,1710,2,480,576,902,1,2,9,1,0,0,1,0,0,1,0,0,1,0,0
64,2034,2,645,1057,1057,1,2,8,0,1,573,1,0,0,0,1,0,0,0,0
65,2473,3,852,1143,1143,0,2,9,0,1,344,0,1,1,0,0,1,0,0,1
66,2207,2,576,1947,2207,1,2,7,1,0,287,0,1,0,0,1,0,0,0,0
67,1479,2,558,1453,1479,0,2,7,0,1,167,1,0,1,0,1,0,0,0,0
68,747,1,220,747,747,1,1,4,1,0,0,1,0,0,1,0,0,1,0,0
69,2287,2,667,1304,1304,0,2,7,1,0,0,0,1,1,1,0,0,0,0,0
70,2223,2,516,2223,2223,1,2,8,1,0,1115,0,2,0,0,0,0,0,0,0
71,845,2,360,845,845,1,1,4,1,0,0,1,0,0,1,0,0,1,0,0
72,1718,2,427,832,885,1,2,7,1,1,40,0,1,0,0,0,0,0,0,0
73,1086,2,490,1086,1086,1,1,6,1,0,104,1,0,0,1,0,0,1,0,0
74,1605,1,379,840,840,0,2,8,1,0,0,1,0,1,0,0,0,1,0,0
75,988,1,297,462,526,1,1,5,1,0,0,1,0,0,0,1,0,1,0,0
76,952,1,283,952,952,1,1,4,1,0,0,1,0,0,1,0,0,1,0,0
77,1285,1,240,672,1072,1,1,6,1,0,0,1,0,0,1,0,0,1,0,0
78,1768,0,0,1768,1768,1,2,8,1,0,0,1,0,0,1,0,0,0,0,0
79,1230,2,440,440,682,1,1,5,1,1,0,1,0,0,1,0,0,1,0,0
80,2142,1,509,896,1182,1,2,8,0,0,576,0,1,0,0,0,0,0,0,0
81,1337,2,405,1237,1337,1,2,5,1,1,443,1,0,0,0,1,0,0,0,0
82,1563,3,758,1563,1563,1,2,6,0,1,468,0,1,0,0,1,1,0,0,0
83,1065,2,461,1065,1065,1,1,6,1,0,66,1,0,0,1,0,0,1,0,0
84,1474,2,400,384,804,1,2,7,1,1,22,0,1,0,0,0,0,0,0,0
85,2417,2,462,1288,1301,0,2,9,0,0,284,0,1,1,0,0,1,1,0,0
86,1560,2,400,684,684,0,2,6,0,1,0,0,1,1,0,0,0,0,0,0
87,1224,2,528,612,612,0,2,4,0,1,76,1,0,1,0,0,0,0,0,0
88,1526,0,0,1013,1013,0,1,6,0,0,0,1,0,0,1,0,0,0,0,0
89,990,0,0,990,990,1,1,5,1,1,0,1,0,0,0,1,0,0,0,0
90,1040,2,420,0,1040,1,1,4,1,0,0,1,0,0,0,0,0,1,0,0
91,1235,2,480,1235,1235,1,1,6,1,0,203,1,0,0,1,0,0,1,0,0
92,964,2,432,876,964,1,1,5,1,0,0,1,0,0,0,0,0,1,0,0
93,2291,2,506,1214,1260,1,2,9,1,0,0,0,1,0,1,0,0,1,0,0
94,1786,2,684,824,905,1,2,7,0,1,0,1,0,0,0,1,0,0,0,0
95,1470,2,420,680,680,0,2,6,1,1,68,0,1,0,0,0,0,0,0,0
96,1588,2,472,1588,1588,0,2,6,0,1,183,1,0,1,0,0,0,0,0,0
97,960,1,432,960,960,1,1,6,1,0,48,1,0,0,1,0,0,0,0,0
98,835,1,366,458,835,1,1,5,1,0,0,1,0,0,1,0,0,1,0,0
99,1225,0,0,950,1225,1,1,6,1,0,0,1,0,0,1,0,0,0,0,0
100,1610,2,480,1610,1610,1,2,6,0,1,28,0,2,0,1,0,0,0,0,0
101,1732,2,476,741,977,0,2,7,0,0,336,0,1,1,0,0,0,0,0,0
102,1535,2,410,0,1535,1,2,8,1,0,0,1,0,0,0,0,0,1,0,0
103,1226,3,740,1226,1226,1,2,6,0,1,0,1,0,0,0,0,0,0,0,0
104,1818,1,240,1040,1226,1,1,7,1,1,600,0,2,0,1,0,0,1,0,0
105,1992,2,648,1053,1053,0,2,9,0,1,768,0,1,1,0,0,1,0,0,0
106,1047,1,273,641,1047,1,1,6,1,0,0,1,0,0,0,0,0,1,0,0
107,789,1,250,789,789,1,1,5,1,0,0,1,0,0,1,0,0,1,0,0
108,1517,0,0,793,997,1,2,7,0,0,0,1,0,0,1,0,0,0,0,0
109,1844,2,546,1844,1844,1,2,7,1,0,480,0,1,0,0,0,0,0,0,0
110,1855,1,325,994,1216,1,2,7,1,0,0,1,0,0,1,0,0,1,0,0
111,1430,2,400,384,774,1,2,7,1,1,0,0,1,0,0,1,0,0,0,0
112,2696,3,792,1264,1282,0,2,10,0,1,220,0,1,1,0,1,0,0,0,0
113,2259,2,450,1809,2259,1,2,7,0,0,184,0,2,0,0,0,0,1,0,0
114,2320,1,180,1028,1436,1,2,9,0,0,0,0,1,0,1,0,0,1,0,0
115,1458,2,440,729,729,1,2,5,1,1,1129,0,1,0,0,1,0,1,0,0
116,1092,1,288,1092,1092,1,1,6,1,0,116,0,1,0,1,0,0,1,0,0
117,1125,2,430,1125,1125,1,1,5,1,1,0,1,0,0,0,0,0,1,0,0
118,3222,3,594,1673,1699,1,3,11,0,1,0,0,2,0,0,1,0,1,0,0
119,1456,2,390,728,728,0,2,8,0,1,0,0,1,1,0,0,0,0,0,0
120,988,2,540,938,988,1,1,4,1,0,0,0,2,0,1,0,0,1,0,0
121,1123,1,264,732,772,1,1,4,1,1,0,1,0,0,1,0,0,1,0,0
122,1080,1,288,1080,1080,1,1,5,1,0,135,1,0,0,1,0,0,1,0,0
123,1199,2,530,1199,1199,0,2,5,0,1,0,1,0,1,0,1,0,0,0,0
124,1586,2,435,1362,1586,1,2,7,1,0,0,0,1,0,0,0,0,1,0,0
125,754,0,0,520,520,1,1,5,1,0,0,1,0,0,1,1,0,0,0,0
126,958,2,440,1078,958,1,2,5,1,0,0,0,1,0,0,0,0,0,0,0
127,840,0,0,672,840,1,1,5,1,0,0,0,1,0,1,0,0,0,0,0
128,1348,2,453,660,660,1,1,6,1,0,266,0,1,0,1,0,0,0,0,0
129,1053,2,750,1008,1053,1,1,6,0,0,85,1,0,0,1,0,0,0,0,0
130,2157,2,487,924,1216,1,2,8,0,0,309,0,2,0,1,0,0,0,0,0
131,2054,2,390,992,1022,0,2,7,0,1,40,0,1,1,0,1,0,0,0,0
132,1327,2,624,1063,1327,1,1,7,0,0,0,1,0,0,1,0,0,1,0,0
133,1296,2,471,1267,1296,0,2,6,0,1,136,1,0,1,0,1,1,0,0,0
134,1721,2,440,1461,1721,1,2,7,1,0,0,0,1,0,1,0,0,0,0,0
135,1682,2,530,1304,1682,1,2,7,1,1,288,0,1,0,1,0,0,1,0,0
136,1214,1,318,1214,1214,1,2,5,1,0,196,0,1,0,1,0,0,0,0,0
137,1959,3,766,1907,1959,1,3,9,1,0,70,1,0,0,1,0,0,1,0,0
138,1852,3,660,1004,1004,0,2,7,0,1,320,0,2,1,0,1,1,0,0,0
139,1764,2,470,928,928,1,2,7,0,1,0,1,0,0,0,1,0,0,0,0
140,864,0,0,864,864,1,1,5,1,0,0,0,1,0,1,0,0,0,0,0
141,1734,2,660,1734,1734,0,2,7,0,1,0,1,0,1,0,1,0,0,0,0
142,1385,2,720,910,910,1,2,6,1,0,0,1,0,0,1,0,0,1,0,0
143,1501,2,577,1490,1501,0,2,6,0,1,183,1,0,1,0,1,0,0,0,0
144,1728,2,504,1728,1728,1,2,10,1,0,336,1,0,0,1,0,0,1,0,0
145,1709,2,380,970,970,0,2,7,0,1,50,1,0,1,0,0,0,1,0,0
146,875,1,180,715,875,1,1,5,1,0,0,1,0,0,1,0,0,1,0,0
147,2035,2,434,884,884,0,2,8,0,1,180,0,1,1,0,0,0,0,0,0
148,1080,0,0,1080,1080,1,1,6,0,1,120,1,0,0,0,1,0,0,0,0
149,1344,1,240,896,896,1,1,7,1,0,0,1,0,0,0,0,0,1,0,0
150,969,2,440,969,969,1,1,5,1,0,0,1,0,0,1,0,0,1,0,0
151,1710,3,866,1710,1710,0,2,6,0,1,436,0,1,1,0,1,1,0,0,1
152,1993,2,495,825,1097,1,2,8,1,0,252,0,1,0,1,0,0,0,0,0
153,1252,2,564,1602,1252,1,1,4,1,0,0,0,1,0,0,0,0,0,0,0
154,1200,1,312,1200,1200,1,1,7,1,0,0,1,0,0,1,0,0,1,0,0
155,1096,0,0,572,572,1,1,5,1,0,0,1,0,0,1,0,0,0,0,0
156,1040,2,625,0,1040,1,1,5,1,0,0,1,0,0,0,0,0,1,0,0
157,1968,3,680,774,774,0,2,8,0,1,84,0,1,1,0,0,1,0,0,0
158,1947,2,678,991,991,0,2,8,0,1,0,0,1,1,0,1,0,0,0,0
159,2462,2,576,1392,1392,0,2,9,0,1,456,0,1,1,0,1,0,0,0,0
160,1232,2,516,1232,1232,1,2,6,1,1,0,1,0,0,0,0,0,1,0,0
161,2668,3,726,1572,1572,0,2,10,0,1,664,0,2,1,0,1,0,0,1,1
162,1541,2,532,1541,1541,0,2,7,0,1,226,0,1,1,0,0,0,0,0,1
163,882,0,0,882,882,1,1,4,1,0,0,1,0,0,1,0,0,0,0,0
164,1616,1,216,1149,1149,1,2,5,0,0,0,1,0,0,1,0,0,1,0,0
165,1355,0,0,644,808,1,2,6,1,0,0,1,0,0,1,0,0,0,0,0
166,1867,1,303,1617,1867,0,1,7,1,0,0,0,3,1,1,0,0,0,0,0
167,2161,3,789,1582,1610,0,1,8,0,1,300,0,1,1,0,1,1,0,0,1
168,1720,2,440,840,840,0,2,7,0,1,0,0,1,1,0,0,0,0,0,0
169,1707,2,511,1686,1707,0,2,6,1,0,653,0,1,1,0,0,1,0,0,0
170,1382,2,660,720,854,1,1,7,1,0,0,1,0,0,1,0,0,1,0,0
171,1656,2,528,1080,1656,1,1,7,1,0,112,0,2,0,1,0,0,0,0,0
172,1767,2,504,1064,1064,0,2,5,0,1,0,0,1,1,0,1,0,0,0,0
173,1362,2,504,1362,1362,1,1,6,1,0,491,0,1,0,1,0,0,1,0,0
174,1651,2,616,1606,1651,1,2,7,1,0,132,0,1,0,0,0,0,0,0,0
175,2158,2,576,1202,2158,1,2,7,0,0,0,0,1,0,1,0,0,1,0,0
176,2060,2,521,1151,1164,0,2,8,1,1,268,0,1,1,0,1,0,1,0,0
177,1920,2,451,1052,1252,0,2,8,0,0,0,0,1,1,1,0,0,1,0,0
178,2234,3,1166,2216,2234,0,2,9,0,1,748,0,1,0,0,1,0,0,1,0
179,968,2,480,968,968,0,1,5,1,0,0,1,0,1,1,0,0,1,0,0
180,1525,2,440,756,769,0,2,5,0,1,456,0,1,1,0,1,0,1,0,0
181,1802,1,216,793,901,1,1,9,1,0,0,0,1,0,0,0,0,1,0,0
182,1340,1,252,0,1340,1,1,7,1,1,98,0,1,0,0,0,0,0,0,0
183,2082,2,484,1362,1362,1,2,6,0,1,0,1,0,0,0,0,0,1,0,0
184,1252,2,576,504,936,1,1,5,1,1,0,1,0,0,0,0,0,1,0,0
185,3608,3,840,1107,1518,0,2,12,0,0,0,0,2,1,1,0,0,1,0,0
186,1217,2,497,1188,1217,1,2,6,0,1,0,1,0,0,0,1,0,1,0,0
187,1656,1,180,660,808,1,2,8,1,0,0,1,0,0,0,0,0,1,0,0
188,1224,2,528,1086,1224,1,0,6,1,0,275,0,2,0,0,1,0,1,0,0
189,1593,2,682,1593,1593,0,1,5,0,1,0,0,1,1,0,1,1,0,0,0
190,2727,2,440,853,1549,0,2,10,0,0,0,0,2,1,0,0,1,1,0,0
191,1479,2,484,725,725,1,1,7,0,0,138,1,0,0,1,0,0,0,0,0
192,1431,2,666,1431,1431,0,2,6,0,1,0,1,0,1,0,1,0,0,0,0
193,1709,2,380,970,970,0,2,7,0,1,50,1,0,1,0,0,0,1,0,0
194,864,1,352,864,864,1,1,5,1,0,0,1,0,0,1,0,0,1,0,0
195,1456,2,440,855,855,1,2,7,1,0,0,0,1,0,0,0,0,1,0,0
196,1726,3,786,1726,1726,0,2,8,0,1,205,0,1,0,0,1,0,0,0,0
197,3112,2,795,1360,1360,0,2,8,0,1,0,0,1,1,1,1,1,1,0,0
198,2229,0,0,755,929,1,1,8,1,0,0,1,0,0,1,0,0,0,0,0
199,1713,3,856,1713,1713,0,2,7,0,1,262,0,1,1,0,1,1,0,0,1
200,1121,2,440,1121,1121,1,2,5,1,1,0,1,0,0,0,0,0,0,0,0
201,1279,2,473,1196,1279,1,2,6,1,0,0,0,2,0,1,0,0,1,0,0
202,1310,1,398,617,865,1,2,6,1,0,0,1,0,0,0,0,0,1,0,0
203,848,2,420,848,848,0,1,3,0,1,205,0,1,1,0,1,0,0,0,0
204,1284,1,240,720,720,1,1,5,1,0,0,1,0,0,1,0,0,1,0,0
205,1442,2,500,1424,1442,1,2,5,1,1,0,1,0,0,0,0,0,0,0,0
206,1696,1,349,1140,1696,1,1,8,1,0,0,0,1,0,1,0,0,0,0,0
207,1100,1,312,1100,1100,1,1,6,1,1,0,0,1,0,1,0,0,0,0,0
208,2062,2,454,1157,1180,0,2,7,1,0,128,0,1,1,0,1,0,0,0,0
209,1092,2,504,1092,1092,1,1,6,1,0,260,1,0,0,0,0,0,0,0,0
210,864,0,0,864,864,1,1,5,1,0,0,1,0,0,1,0,0,0,0,0
211,1212,2,460,1212,1212,1,2,6,0,1,0,1,0,0,0,1,0,0,0,0
212,1852,2,644,900,932,1,2,7,0,1,0,0,1,0,0,1,0,0,0,0
213,990,2,576,990,990,1,1,5,1,1,0,1,0,0,0,0,0,1,0,0
214,1392,1,299,689,689,1,1,6,1,0,153,1,0,0,0,1,0,0,0,0
215,1236,1,447,1070,1236,1,1,6,0,0,64,0,1,0,1,0,0,1,0,0
216,1436,2,484,1436,1436,0,2,8,0,1,266,1,0,1,0,1,0,1,0,0
217,1328,1,210,686,810,1,1,8,1,0,0,1,0,0,1,0,0,1,0,0
218,1954,2,431,798,1137,0,1,8,0,0,312,0,2,1,1,0,0,1,0,0
219,1248,2,438,1248,1248,0,2,5,0,1,16,1,0,1,0,1,0,0,0,0
220,1498,2,675,1498,1498,0,2,5,0,1,0,1,0,1,0,0,0,0,0,0
221,2267,2,390,1010,1010,0,2,8,0,1,0,0,1,1,0,0,0,0,0,0
222,1552,2,434,713,811,1,2,6,1,0,0,0,1,0,0,0,0,0,0,0
223,864,2,576,864,864,1,1,4,1,0,0,1,0,0,1,0,0,1,0,0
224,2392,3,968,2392,2392,0,2,8,0,1,922,0,1,0,0,1,0,0,0,1
225,1302,1,280,630,630,1,2,6,1,0,142,1,0,0,1,0,0,1,0,0
226,2520,3,721,1203,1214,0,2,9,0,1,290,0,1,1,0,1,0,0,0,0
227,987,1,280,483,483,1,1,5,1,0,127,1,0,0,1,0,0,1,0,0
228,912,1,336,912,912,1,1,5,1,0,0,0,1,0,1,0,0,1,0,0
229,1555,2,430,1373,1555,0,2,7,0,1,16,0,1,1,0,1,0,0,0,0
230,1194,1,312,1194,1194,1,1,6,1,0,220,1,0,0,1,0,0,0,0,0
231,2794,3,810,1462,1490,0,2,9,0,1,506,0,1,1,0,1,1,0,0,0
232,987,1,288,483,483,1,1,5,1,0,297,0,1,0,1,0,0,1,0,0
233,894,1,308,894,894,1,1,5,1,0,0,1,0,0,1,0,0,1,0,0
234,1960,2,440,860,860,0,2,8,0,1,0,0,2,1,0,1,0,0,0,0
235,987,1,264,483,483,1,1,5,1,0,604,1,0,0,1,0,0,1,0,0
236,1414,2,494,1414,1414,0,2,6,0,1,98,1,0,1,0,1,0,0,0,0
237,1744,2,457,996,1014,0,2,7,0,1,0,1,0,1,0,0,0,0,0,0
238,1694,3,818,1694,1694,0,2,7,0,1,254,1,0,0,0,0,1,0,0,1
239,1487,1,220,735,798,1,1,7,1,0,0,0,1,0,1,0,0,1,0,0
240,1566,2,750,1566,1566,0,2,7,0,1,36,1,0,1,0,1,1,0,0,0
241,866,0,0,686,866,1,1,4,0,0,0,1,0,0,1,0,0,0,0,0
242,1440,1,352,540,889,1,1,6,1,0,0,1,0,0,1,0,0,1,0,0
243,1217,1,288,626,626,1,1,6,1,0,0,0,1,0,0,0,0,0,0,0
244,2110,2,463,948,1222,0,2,8,0,1,0,0,2,1,0,1,0,0,0,0
245,1872,2,604,1845,1872,1,2,6,1,0,102,0,1,0,0,1,0,0,0,0
246,1928,1,440,1020,908,1,2,9,0,0,0,1,0,0,0,0,0,1,0,0
247,1375,2,451,1367,1375,1,1,5,1,0,0,0,1,0,1,0,0,1,0,0
248,1668,2,500,840,840,0,2,8,0,1,101,1,0,1,0,0,0,0,0,0
249,2144,2,389,1444,1444,0,2,7,0,0,472,0,2,1,0,0,0,0,0,0
250,1306,0,0,728,1306,1,1,6,0,0,0,1,0,0,1,0,0,0,0,0
251,1625,2,538,1573,1625,0,2,5,0,1,481,0,1,1,0,1,1,0,0,0
252,1640,2,520,798,798,0,2,6,0,1,0,1,0,1,0,0,0,0,0,0
253,1302,1,309,1302,1302,1,2,7,0,0,108,1,0,0,0,0,0,0,0,0
254,1314,1,294,1314,1314,1,1,5,1,0,0,1,0,0,1,0,0,0,0,0
255,2291,2,429,975,1005,0,2,8,0,1,302,0,1,1,0,0,0,0,0,0
256,1728,2,673,864,864,0,2,7,0,1,0,1,0,1,0,0,0,0,0,0
257,1604,2,660,1604,1604,0,2,8,0,1,180,0,1,1,0,1,0,0,0,0
258,1792,2,564,963,963,0,2,7,0,1,172,0,1,1,0,1,0,0,0,0
259,882,1,308,0,882,1,1,4,1,1,0,1,0,0,0,0,0,1,0,0
260,1382,2,884,1362,1382,1,1,6,1,0,399,0,1,0,1,0,0,1,0,0
261,2574,3,868,1482,1482,0,2,10,0,1,270,0,1,1,0,0,1,0,0,0
262,1212,2,492,506,1212,1,1,6,1,0,46,0,1,0,0,0,0,1,0,0
263,1316,2,484,926,926,1,1,6,1,0,0,1,0,0,1,0,0,1,0,0
264,764,2,504,680,764,1,1,4,1,0,0,1,0,0,0,0,0,1,0,0
265,1422,2,576,1422,1422,1,2,7,0,0,210,0,1,0,0,1,0,0,0,0
266,1511,2,413,802,802,1,2,8,1,1,0,0,1,0,0,1,0,0,0,0
267,2192,1,240,720,1052,1,2,8,0,1,0,0,1,0,1,0,0,1,0,0
268,778,1,924,740,778,1,1,4,1,0,0,0,1,0,1,0,0,0,0,0
269,1113,1,504,1143,1113,1,1,6,1,0,174,0,1,0,1,0,0,0,0,0
270,1939,3,1053,1095,1095,0,2,8,0,1,0,0,1,1,0,0,1,0,0,0
271,1363,2,439,1385,1363,1,1,5,1,0,0,0,2,0,0,0,0,1,0,0
272,2270,3,671,1152,1164,0,2,9,0,1,348,0,1,1,0,1,1,0,0,0
273,1632,1,338,1240,1632,1,2,6,1,0,183,0,1,0,1,0,0,0,0,0
274,816,1,264,816,816,1,1,5,1,0,0,1,0,0,1,0,0,1,0,0
275,1548,2,672,952,952,0,2,5,0,0,0,1,0,1,1,0,0,1,0,0
276,1560,2,573,1560,1560,0,2,7,0,1,0,1,0,1,0,0,0,0,0,0
277,864,2,400,864,864,1,1,4,1,0,0,1,0,0,1,0,0,1,0,0
278,2121,3,732,2121,2121,0,2,8,0,1,315,0,1,0,0,0,0,0,1,1
279,2022,2,505,1160,1156,1,2,8,1,0,299,0,1,0,0,0,0,0,0,0
280,1982,2,575,807,1175,0,2,7,0,0,340,0,1,1,0,1,0,0,0,0
281,1262,2,572,1262,1262,0,2,5,0,1,68,1,0,1,0,1,0,0,0,0
282,1314,2,626,1314,1314,0,2,6,0,1,166,0,1,1,0,1,0,0,0,1
283,1468,3,898,1468,1468,0,2,6,0,1,72,0,1,1,0,0,1,0,0,0
284,1575,2,529,1575,1575,0,2,5,0,1,0,1,0,1,0,1,0,0,0,0
285,1250,2,528,625,625,0,2,5,0,1,0,1,0,1,0,0,0,0,0,0
286,1734,2,440,912,1085,1,1,7,0,0,0,0,1,0,1,0,0,0,0,0
287,858,0,0,858,858,1,1,5,1,0,0,1,0,0,1,0,0,0,0,0
288,900,1,280,882,900,1,1,5,1,0,31,1,0,0,1,0,0,1,0,0
289,1396,1,384,698,698,1,1,7,1,0,0,1,0,0,1,0,0,1,0,0
290,1919,2,685,1079,1079,0,2,8,0,1,0,0,1,1,0,0,1,0,0,0
291,1716,0,0,780,936,1,2,9,0,1,0,1,0,0,1,0,0,0,0,0
292,1716,1,281,768,1148,1,1,8,1,0,0,0,1,0,1,0,0,1,0,0
293,2263,2,539,795,1468,1,2,9,0,0,34,0,1,0,1,0,0,0,0,0
294,1644,2,418,1416,1644,1,1,7,1,0,238,0,2,0,1,1,0,0,0,0
295,1003,2,588,1003,1003,1,1,6,1,0,0,1,0,0,1,1,0,1,0,0
296,1558,1,282,910,910,1,1,6,1,0,0,1,0,0,1,0,0,1,0,0
297,1950,2,576,975,975,0,2,7,0,1,1600,0,1,1,0,0,0,0,0,0
298,1743,2,539,702,1041,0,1,7,1,0,365,0,1,1,1,0,0,1,0,0
299,1152,1,300,1092,1152,1,1,6,0,0,0,0,1,0,1,0,0,1,0,0
300,1336,1,375,1165,1336,1,1,5,1,0,56,0,2,0,1,0,0,1,0,0
301,2452,2,683,1028,1210,0,2,9,0,1,0,0,1,1,0,1,1,0,0,0
302,1541,3,843,1541,1541,0,2,6,0,1,150,0,1,1,0,0,0,0,0,0
303,894,2,552,894,894,1,1,5,1,1,0,1,0,0,1,0,0,1,0,0
304,3493,3,870,1470,1675,1,3,10,0,0,0,0,1,0,1,0,0,1,0,0
305,2000,3,888,2000,2000,0,2,8,0,1,246,1,0,1,0,1,1,0,0,0
306,2243,3,746,700,1122,0,2,8,0,0,246,0,1,1,0,0,0,0,0,0
307,1406,0,0,319,1035,1,1,6,0,0,0,1,0,0,1,0,0,0,0,0
308,861,2,539,861,861,1,1,4,1,0,0,1,0,0,1,0,0,1,0,0
309,1944,3,708,1896,1944,0,2,8,0,1,0,0,3,1,0,1,0,0,1,1
310,1501,2,420,697,697,1,2,6,0,1,112,0,1,0,0,0,0,0,0,0
311,972,1,240,972,972,1,1,5,1,0,0,0,1,0,1,0,0,1,0,0
312,1118,2,410,793,793,1,1,5,1,0,0,0,1,0,0,0,0,1,0,0
313,2036,2,513,2136,2036,1,2,8,1,0,0,0,2,0,0,0,0,0,0,0
314,1641,2,546,728,832,1,1,6,0,0,0,0,1,0,1,0,0,1,0,0
315,1432,2,432,716,716,0,2,6,0,1,0,0,1,1,0,1,0,0,0,0
316,2353,2,484,845,1153,0,2,10,0,0,278,0,1,1,0,1,0,0,0,0
317,1959,3,1025,1088,1088,0,2,8,0,1,0,0,1,1,0,0,1,0,0,0
318,2646,3,656,1347,1372,0,2,9,0,1,256,0,1,1,0,1,0,0,0,0
319,1472,2,588,1372,1472,1,2,6,1,0,225,0,2,0,0,1,0,1,0,0
320,2596,3,840,1249,1249,1,3,9,0,1,370,1,0,0,0,0,0,0,1,1
321,2468,3,872,1136,1136,0,2,10,0,1,388,0,1,1,0,1,1,0,0,1
322,2730,2,576,1502,1553,0,2,8,0,0,172,0,1,1,1,0,0,0,0,0
323,1163,1,220,1162,1163,1,1,6,1,0,0,1,0,0,1,0,0,1,0,0
324,2978,2,564,710,1898,0,2,11,0,0,300,0,1,1,0,0,0,0,0,0
325,803,2,360,720,803,1,1,5,1,0,0,1,0,0,1,0,0,1,0,0
326,1719,2,473,1719,1719,0,1,6,0,1,0,0,2,1,0,1,1,0,0,0
327,1383,1,292,1383,1383,1,1,7,1,0,175,1,0,0,1,0,0,0,0,0
328,2134,2,441,844,1445,1,2,10,0,0,0,1,0,0,1,0,0,1,0,0
329,1192,1,189,596,596,1,1,6,1,1,0,1,0,0,1,0,0,1,0,0
330,1728,1,352,1728,1728,1,2,10,1,0,84,1,0,0,1,1,0,1,0,0
331,1056,1,308,1056,1056,1,1,6,1,0,0,1,0,0,1,0,0,0,0,0
332,1629,3,880,3206,1629,0,2,7,0,1,296,0,1,1,0,1,1,0,0,1
333,1358,2,484,1358,1358,0,2,6,0,1,146,0,1,1,0,1,0,0,0,1
334,1638,2,472,943,943,1,2,7,1,1,0,0,2,0,0,1,0,0,0,0
335,1786,2,529,1499,1619,1,2,7,1,0,0,0,2,0,1,0,0,0,0,0
336,1922,3,676,1922,1922,0,2,8,0,1,200,0,1,1,0,1,0,0,1,0
337,1536,2,532,1536,1536,0,2,7,0,1,113,1,0,1,0,1,0,0,0,0
338,1621,2,440,1208,1621,0,2,8,0,0,0,1,0,1,0,0,0,0,0,0
339,1215,1,297,1215,1215,1,1,6,1,0,176,1,0,0,1,0,0,1,0,0
340,1908,2,431,967,993,0,2,9,0,1,0,1,0,1,0,0,1,0,0,0
341,841,1,294,721,841,0,1,4,1,0,0,1,0,0,1,0,0,1,0,0
342,1040,2,400,0,1040,1,2,6,1,0,340,1,0,0,0,0,0,1,0,0
343,1684,2,564,1684,1684,0,2,6,0,1,616,0,1,0,0,1,0,0,1,1
344,1112,1,336,536,536,1,1,4,1,0,0,1,0,0,0,0,0,1,0,0
345,1577,1,312,972,972,1,1,6,0,0,0,0,1,0,1,0,0,1,0,0
346,958,1,301,958,958,1,1,5,1,0,0,1,0,0,1,0,0,0,0,0
347,1478,2,498,1478,1478,1,2,6,1,0,30,0,2,0,1,0,0,1,0,0
348,1626,2,474,764,764,0,2,6,0,1,106,1,0,1,0,1,0,0,0,1
349,2728,3,706,1848,1848,0,2,10,0,1,870,0,2,0,0,1,0,0,1,1
350,1869,2,617,1869,1869,0,2,6,0,1,362,0,1,0,0,0,0,0,1,1
351,1453,2,445,1453,1453,1,1,6,0,1,0,0,1,0,0,1,0,0,0,0
352,1111,1,200,616,616,1,1,5,1,0,0,1,0,0,1,0,0,1,0,0
353,720,2,484,624,720,1,1,5,1,0,0,1,0,0,1,0,0,1,0,0
354,1595,1,240,940,1192,1,1,6,1,0,0,0,2,0,1,0,0,1,0,0
355,1200,2,521,1200,1200,0,2,6,0,1,0,1,0,1,0,0,0,0,0,0
356,1167,2,400,1158,1167,1,2,6,0,1,106,1,0,0,0,1,0,0,0,0
357,1142,2,528,1142,1142,1,1,6,1,1,0,0,1,0,0,0,0,0,0,0
358,1352,1,288,1062,1352,1,1,6,0,0,120,1,0,0,1,0,0,1,0,0
359,1924,2,592,1086,1086,0,2,7,0,1,530,0,1,1,0,1,1,0,0,0
360,912,2,470,888,912,1,1,5,1,0,0,0,1,0,0,1,0,0,0,0
361,1505,1,240,883,988,1,1,8,1,0,0,1,0,0,1,0,0,1,0,0
362,1922,2,672,0,495,0,3,7,0,0,500,0,1,1,0,0,0,0,0,0
363,987,1,264,483,483,1,1,5,0,0,510,1,0,0,1,0,0,1,0,0
364,1574,2,566,796,790,1,2,6,1,1,120,0,1,0,0,1,0,0,0,0
365,1344,1,468,672,672,1,1,6,1,0,0,1,0,0,1,0,0,1,0,0
366,1394,2,514,1394,1394,1,1,6,1,0,247,0,2,0,0,0,0,0,0,0
367,1431,1,296,1099,1431,1,1,6,1,0,305,0,1,0,0,1,0,0,0,0
368,1268,1,244,1268,1268,1,1,7,1,1,200,0,1,0,1,0,0,0,0,0
369,1287,2,576,1063,1287,1,1,7,0,0,0,0,1,0,1,0,0,0,0,0
370,1664,2,460,953,953,1,2,7,1,1,0,0,1,0,0,0,0,0,0,0
371,1588,2,680,0,1120,1,2,7,1,0,0,0,1,0,0,0,0,0,0,0
372,752,1,264,744,752,1,1,4,1,0,0,1,0,0,0,0,0,1,0,0
373,1319,1,270,608,1319,1,1,5,1,1,0,1,0,0,1,0,0,1,0,0
374,1928,2,434,847,847,0,2,8,0,1,0,0,1,1,0,0,0,0,0,0
375,904,0,0,683,904,0,0,4,0,0,0,1,0,0,0,0,0,0,0,0
376,914,2,576,870,914,0,1,5,1,1,0,1,0,1,0,1,0,1,0,0
377,2466,2,610,1580,1580,0,3,8,0,1,0,0,1,1,0,0,1,0,0,0
378,1856,3,834,1856,1856,0,1,8,0,1,350,0,1,1,0,1,0,0,1,0
379,1800,2,463,982,1007,1,2,7,1,1,16,0,1,0,0,0,0,0,0,0
380,1691,1,308,1026,1026,1,2,6,0,0,0,0,1,0,1,0,0,1,0,0
381,1301,2,572,1293,1301,0,2,5,0,1,0,0,1,1,0,0,0,0,0,0
382,1797,2,639,939,939,0,2,8,0,1,0,1,0,1,0,0,0,0,0,0
383,784,2,360,784,784,1,1,5,1,0,0,1,0,0,0,0,0,1,0,0
384,1953,2,501,1580,1079,0,2,9,0,1,0,0,2,1,0,1,0,0,0,0
385,1269,2,430,1256,1269,0,2,6,0,1,16,0,1,1,0,1,1,0,0,0
386,1184,0,0,658,658,1,1,8,1,1,0,1,0,0,1,0,0,0,0,0
387,1125,1,352,1041,1125,1,1,6,1,0,255,0,1,0,1,0,0,1,0,0
388,1479,2,577,1468,1479,0,2,6,0,1,125,1,0,1,0,0,0,0,0,0
389,2332,3,846,1682,1742,0,2,9,0,1,272,0,1,0,0,1,0,0,0,1
390,1367,1,384,861,961,1,1,7,1,0,0,1,0,0,1,0,0,1,0,0
391,1961,2,560,804,804,1,2,7,0,1,0,0,1,0,0,0,0,0,0,0
392,882,1,294,0,882,1,1,5,1,0,0,1,0,0,0,0,0,0,0,0
393,788,0,0,788,788,1,1,4,1,0,0,0,2,0,1,0,0,0,0,0
394,1034,1,240,735,735,1,1,5,1,0,0,1,0,0,1,0,0,1,0,0
395,1144,1,596,1144,1144,1,1,6,1,0,0,1,0,0,1,0,0,1,0,0
396,894,2,600,894,894,1,1,6,1,0,0,1,0,0,1,0,0,0,0,0
397,1812,1,264,864,876,1,2,8,1,0,288,0,1,0,1,0,0,0,0,0
398,1077,1,338,961,1077,1,1,6,1,0,0,1,0,0,0,0,0,1,0,0
399,1550,2,438,1092,1112,0,2,7,0,1,100,1,0,1,0,1,0,0,0,0
400,1288,2,500,1260,1288,0,1,4,0,1,0,0,2,1,0,1,1,0,0,0
401,1310,2,400,1310,1310,0,2,6,0,1,0,0,1,1,0,1,0,0,0,0
402,672,1,240,672,672,1,1,4,1,1,0,1,0,0,1,0,0,1,0,0
403,2263,2,420,1141,1165,0,2,10,0,1,650,0,1,1,0,0,1,0,0,0
404,1572,2,373,806,806,1,2,7,1,1,0,0,1,0,0,0,0,0,0,0
405,1620,2,490,1281,1620,1,2,8,1,0,0,0,1,0,1,0,0,1,0,0
406,1639,1,240,1064,1166,1,1,6,1,0,0,1,0,0,1,0,0,1,0,0
407,1680,1,308,840,840,1,2,8,1,0,0,1,0,0,0,0,0,1,0,0
408,2172,3,947,1063,1071,0,2,9,0,1,350,0,1,1,0,0,0,0,0,1
409,2078,3,836,1034,1050,0,2,8,0,1,100,0,1,1,0,1,1,0,0,0
410,1276,1,350,1276,1276,1,1,5,1,0,0,1,0,0,1,0,0,1,0,0
411,1056,2,572,1056,1056,1,1,5,1,0,0,1,0,0,1,0,0,0,0,0
412,1478,2,484,1470,1478,0,2,7,0,1,432,0,1,0,0,1,0,0,0,0
413,1028,2,360,1008,1028,1,1,5,1,0,0,0,1,0,1,0,0,1,0,0
414,2097,3,678,1080,1080,0,2,9,0,1,0,0,1,1,0,0,0,1,0,0
415,1340,2,396,1340,1340,0,2,6,0,1,0,1,0,1,0,1,0,0,0,0
416,1400,2,440,672,672,1,1,6,1,0,203,0,1,0,1,0,0,0,0,0
417,2624,3,864,1370,1370,1,2,10,1,0,0,0,1,0,0,0,0,1,0,0
418,1134,1,240,756,756,1,1,7,1,0,0,1,0,0,1,0,0,1,0,0
419,1056,1,304,1056,1056,1,1,6,1,0,0,0,1,0,1,0,0,1,0,0
420,1344,4,784,1344,1344,1,2,8,1,1,200,1,0,0,0,1,0,0,0,0
421,1602,2,529,1602,1602,0,2,8,0,0,126,0,1,1,0,0,0,0,0,0
422,988,2,520,988,988,1,1,4,1,0,0,1,0,0,1,0,0,0,0,0
423,2630,3,696,1470,1470,0,2,8,0,1,473,0,1,1,0,1,1,0,0,0
424,1196,1,297,1196,1196,1,1,6,1,0,74,0,1,0,0,0,0,0,0,0
425,1389,1,240,651,707,1,1,6,1,0,0,0,2,0,1,0,0,1,0,0
426,1644,2,569,1518,1644,0,2,5,0,1,145,0,1,1,0,1,0,0,0,0
427,907,1,352,907,907,1,1,5,1,0,0,1,0,0,1,0,0,1,0,0
428,1208,2,628,1208,1208,0,2,6,0,1,108,1,0,1,0,1,0,0,0,0
429,1412,2,576,1392,1412,1,2,6,0,0,0,0,1,0,0,1,0,1,0,0
430,987,1,264,483,483,1,1,4,1,0,232,1,0,0,1,0,0,1,0,0
431,1198,0,0,901,1088,1,1,7,1,0,0,1,0,0,1,0,0,0,0,0
432,1365,2,440,765,765,1,1,6,1,0,376,1,0,0,1,0,0,1,0,0
433,1604,2,470,926,926,1,2,7,1,1,0,0,1,0,0,0,0,0,0,0
434,630,0,0,630,630,1,1,3,1,0,0,1,0,0,0,0,0,0,0,0
435,1661,2,550,799,827,0,2,6,0,1,0,0,1,1,0,1,0,0,0,0
436,1118,2,440,648,734,1,1,6,1,0,0,1,0,0,0,0,0,1,0,0
437,904,1,180,884,904,0,1,4,1,1,0,1,0,1,1,0,0,1,0,0
438,694,1,352,440,694,1,1,4,0,1,0,0,1,0,1,0,0,1,0,0
439,1196,2,528,684,684,1,1,7,0,0,0,1,0,0,1,0,0,1,0,0
440,2402,3,672,3094,2402,0,2,10,0,1,200,0,2,0,0,1,0,0,0,1
441,1440,0,0,1440,1440,1,2,8,0,0,270,1,0,0,1,0,0,0,0,0
442,1573,2,360,1078,1128,1,2,8,1,1,0,0,1,0,1,0,0,1,0,0
443,1258,3,648,1258,1258,0,2,6,0,1,72,0,1,1,0,0,0,0,0,0
444,1908,2,493,915,933,0,2,8,0,1,0,0,1,1,0,1,0,1,0,0
445,1689,2,480,1436,1689,1,1,7,1,0,0,0,1,0,1,0,0,1,0,0
446,1888,2,578,1517,1888,0,2,6,0,0,0,0,1,1,1,0,0,0,0,0
447,1886,2,431,930,956,0,2,10,0,1,0,0,1,1,0,0,0,0,0,0
448,1376,1,198,780,780,1,2,7,1,0,0,0,1,0,1,0,0,1,0,0
449,1183,1,308,649,679,1,1,6,1,0,0,1,0,0,1,0,0,1,0,0
450,813,1,270,813,813,1,1,5,0,0,0,1,0,0,1,0,0,1,0,0
451,1533,2,576,1533,1533,1,2,5,0,0,0,0,2,0,0,0,0,1,0,0
452,1756,2,422,872,888,0,2,7,1,1,42,1,0,1,0,0,0,0,0,0
453,1590,2,676,768,786,0,2,6,0,1,0,1,0,1,0,0,1,0,0,0
454,1728,2,560,1728,1728,1,2,8,1,0,0,1,0,0,1,0,0,1,0,0
455,1242,2,528,1242,1242,1,1,6,1,0,320,0,1,0,1,0,0,1,0,0
456,1344,3,513,624,624,1,1,7,1,0,0,1,0,0,1,0,0,1,0,0
457,1663,2,529,1364,1663,1,1,6,0,0,0,0,2,0,0,0,0,0,0,0
458,1666,1,228,588,833,1,1,7,0,1,0,0,1,0,1,0,1,1,0,0
459,1203,1,352,709,979,1,1,5,0,0,161,0,1,0,1,0,0,1,0,0
460,1935,2,552,832,832,0,2,8,1,1,110,1,0,1,0,1,1,0,0,0
461,1135,2,576,560,575,0,1,6,0,1,0,1,0,1,0,0,0,0,0,0
462,864,1,360,864,864,1,1,5,1,0,0,0,1,0,1,0,0,1,0,0
463,1660,1,240,715,849,1,1,6,1,0,0,0,1,0,1,0,0,1,0,0
464,1040,0,0,1040,1040,1,2,5,1,0,136,1,0,0,0,0,0,0,0,0
465,1414,2,398,1375,1414,0,2,6,0,1,18,0,1,1,0,0,0,0,0,0
466,1277,2,526,1277,1277,1,1,5,1,0,0,0,1,0,1,1,0,1,0,0
467,1644,1,312,728,888,1,1,7,0,0,224,0,2,0,1,0,0,1,0,0
468,1634,3,866,1626,1634,0,2,7,0,1,248,0,1,1,0,0,1,0,0,1
469,1710,2,506,832,832,0,2,7,0,1,120,1,0,1,0,1,0,0,0,0
470,1502,2,528,1488,1502,0,1,4,0,1,0,1,0,1,0,1,1,0,0,0
471,1969,2,534,808,1161,1,2,8,1,0,0,0,1,0,0,0,0,0,0,0
472,1072,2,525,547,1072,1,1,5,1,1,80,1,0,0,0,1,0,0,0,0
473,1976,3,908,1976,1976,0,2,7,0,1,304,0,1,1,0,1,1,0,0,1
474,1652,2,499,1494,1652,0,2,6,0,1,0,1,0,1,0,1,1,0,0,0
475,970,2,624,970,970,1,1,5,1,0,0,1,0,0,1,1,0,1,0,0
476,1493,2,508,1478,1493,1,2,7,0,1,215,0,1,0,0,1,0,0,0,0
477,2643,3,694,2153,2069,0,2,9,0,1,772,0,1,0,0,0,0,0,1,1
478,1718,3,826,1705,1718,0,2,7,0,1,336,0,1,1,0,1,1,0,0,0
479,1131,2,672,907,1131,1,1,7,1,0,435,1,0,0,0,0,0,1,0,0
480,1850,3,772,1833,1850,0,2,8,0,1,378,0,1,1,0,1,0,0,1,1
481,1792,3,874,1792,1792,0,2,6,0,1,562,0,1,1,0,1,0,0,1,1
482,1826,1,164,910,916,0,1,7,0,1,0,0,1,1,1,0,0,1,0,0
483,1216,2,402,1216,1216,1,2,5,1,1,116,1,0,0,0,1,0,1,0,0
484,999,1,264,999,999,1,1,6,0,0,0,1,0,0,1,0,0,1,0,0
485,1113,1,264,1113,1113,0,1,5,0,0,0,0,1,1,1,0,0,1,0,0
486,1073,2,515,1073,1073,1,1,6,1,0,168,1,0,0,1,0,0,0,0,0
487,1484,2,487,1484,1484,1,2,7,1,0,0,0,1,0,0,0,0,1,0,0
488,2414,2,520,954,1766,1,2,10,1,0,0,0,1,0,1,0,0,1,0,0
489,630,1,286,630,630,1,1,3,0,0,0,1,0,0,0,1,0,1,0,0
490,1304,1,336,264,616,1,1,4,1,1,0,0,1,0,0,0,0,0,0,0
491,1578,1,240,806,958,1,1,5,0,0,0,0,2,0,1,0,0,1,0,0
492,1456,2,429,728,728,0,2,8,1,1,0,1,0,1,0,0,0,0,0,0
493,1269,1,308,1269,1269,1,1,6,1,0,0,0,1,0,1,0,0,1,0,0
494,886,1,273,190,886,1,1,4,1,0,0,1,0,0,0,0,0,1,0,0
495,720,0,0,720,720,1,1,4,1,0,0,1,0,0,1,0,0,0,0,0
496,3228,2,546,3200,3228,0,3,10,0,1,0,0,1,1,0,1,1,0,0,0
497,1820,1,240,1026,1133,1,2,8,1,1,0,1,0,0,1,0,0,1,0,0
498,899,1,288,864,899,1,1,5,0,1,89,1,0,0,1,0,0,0,0,0
499,912,1,297,912,912,1,1,5,1,0,0,1,0,0,1,0,0,0,0,0
500,1218,1,264,672,672,1,1,7,1,0,285,1,0,0,1,0,0,1,0,0
501,1768,2,603,866,866,0,2,7,0,1,0,1,0,1,0,1,0,0,0,0
502,1214,2,461,1214,1214,1,1,6,1,0,0,1,0,0,1,0,0,1,0,0
503,1801,2,484,1501,1801,1,2,6,1,0,0,0,2,0,1,0,0,0,0,0
504,1322,2,440,855,855,1,2,6,1,0,0,0,1,0,1,0,0,1,0,0
505,1960,2,400,960,960,1,2,10,1,0,360,1,0,0,1,0,0,1,0,0
506,1911,2,471,777,1065,0,2,8,0,1,125,0,1,1,0,1,1,0,0,0
507,1218,2,676,1218,1218,0,2,4,0,1,0,1,0,1,0,1,0,0,0,0
508,1378,2,360,689,689,1,2,7,0,0,0,0,1,0,1,0,0,1,0,0
509,1041,1,270,1041,1041,1,1,6,1,0,132,1,0,0,1,0,0,0,0,0
510,1363,1,288,1008,1363,0,1,6,1,0,70,0,2,1,1,0,0,1,0,0
511,1368,2,474,1368,1368,0,2,6,0,1,94,0,1,1,0,0,0,0,0,1
512,864,2,624,864,864,1,1,5,1,0,0,1,0,0,1,0,0,1,0,0
513,1080,2,484,1084,1080,1,1,5,1,1,0,1,0,0,1,0,0,1,0,0
514,789,1,200,768,789,1,1,5,1,0,0,1,0,0,1,0,0,1,0,0
515,2020,3,900,2006,2020,0,2,9,0,0,305,0,1,0,0,1,0,0,0,1
516,2119,2,583,689,1378,1,2,7,1,0,333,0,1,0,1,0,0,0,0,0
517,2344,3,889,1264,1277,0,2,7,0,1,921,0,1,1,0,0,0,0,0,0
518,1796,2,546,794,882,1,2,7,1,1,0,1,0,0,0,1,0,0,0,0
519,2080,1,282,1276,1276,0,1,9,0,0,0,0,2,1,0,0,0,1,0,0
520,1294,0,0,0,694,1,2,7,1,0,0,1,0,0,0,0,0,0,0,0
521,1244,1,336,1244,1244,1,1,6,1,0,0,0,2,0,1,0,0,1,0,0
522,1664,2,420,1004,1004,1,2,7,1,0,0,0,2,0,1,0,0,1,0,0
523,4676,3,884,3138,3138,0,3,11,0,1,762,0,1,0,0,1,0,0,0,0
524,2398,3,834,1379,1383,0,2,8,0,1,594,0,1,1,0,1,0,0,0,0
525,1266,2,453,1257,1266,0,2,6,0,1,0,0,1,1,0,0,0,1,0,0
526,928,1,252,928,928,1,1,4,1,0,0,1,0,0,0,0,0,1,0,0
527,2713,3,858,1452,1476,0,2,11,0,1,268,0,1,0,0,1,0,0,1,1
528,605,0,0,528,605,1,1,5,1,0,0,1,0,0,1,0,0,0,0,0
529,2515,2,484,2035,2515,0,3,9,1,1,0,0,2,1,1,0,0,0,0,0
530,1509,2,600,1461,1509,0,2,5,0,0,219,0,1,1,0,1,0,0,0,0
531,1362,2,502,611,751,1,2,6,1,0,0,1,0,0,0,0,0,0,0,0
532,827,1,392,0,827,1,1,5,1,0,0,0,1,0,0,0,0,1,0,0
533,334,0,0,0,334,0,1,2,0,0,0,1,0,0,0,0,0,0,0,0
534,1414,2,403,707,707,0,2,6,0,1,0,0,1,1,0,0,1,0,0,0
535,1347,0,0,1117,820,1,1,5,1,0,0,1,0,0,0,1,0,0,0,0
536,1724,2,527,880,880,1,2,8,0,1,0,1,0,0,0,0,0,0,0,0
537,864,2,576,864,864,1,1,5,1,0,0,1,0,0,1,0,0,1,0,0
538,1159,1,336,1051,1159,1,1,7,1,0,188,0,1,0,1,0,0,1,0,0
539,1601,2,670,1581,1601,0,2,6,0,1,479,0,1,1,0,1,1,0,0,0
540,1838,3,765,1838,1838,0,2,8,0,1,584,0,1,0,0,1,0,0,1,0
541,2285,3,648,969,997,0,2,8,0,1,72,0,1,1,0,0,1,0,0,0
542,1680,2,583,1650,1680,0,2,7,0,1,0,0,1,1,0,0,0,0,0,0
543,767,1,367,723,767,1,1,4,1,1,182,1,0,0,0,1,0,0,0,0
544,1496,2,426,654,664,0,2,7,0,1,0,0,1,1,0,1,0,0,0,0
545,2183,3,786,1204,1377,0,2,9,0,1,178,1,0,1,0,1,0,1,0,0
546,1635,2,440,1065,915,1,1,6,1,0,0,0,1,0,0,0,0,1,0,0
547,768,2,624,768,768,1,1,5,1,0,0,1,0,0,0,0,0,1,0,0
548,825,2,720,825,825,1,1,4,1,0,0,1,0,0,1,0,0,0,0,0
549,2094,2,615,912,912,0,2,8,0,1,0,0,1,1,0,0,0,0,0,0
550,1069,2,440,1069,1069,1,2,4,1,0,0,1,0,0,0,0,0,0,0,0
551,928,1,288,928,928,1,1,5,1,0,0,1,0,0,1,0,0,0,0,0
552,1717,3,908,1709,1717,0,2,7,0,1,250,0,1,1,0,0,1,0,0,1
553,1126,2,520,0,1126,1,2,5,0,0,0,1,0,0,0,0,0,0,0,0
554,2046,3,871,998,1006,0,2,8,0,1,292,0,1,1,0,1,0,0,0,1
555,1048,1,280,993,1048,1,1,5,1,0,0,0,1,0,1,0,0,1,0,0
556,1092,1,299,1092,1092,1,1,6,1,0,0,0,1,0,1,0,0,0,0,0
557,1336,1,570,637,897,1,1,7,1,0,0,1,0,0,1,0,0,1,0,0
558,1446,2,406,729,729,1,2,6,1,1,0,0,1,0,0,1,0,1,0,0
559,1557,2,420,1374,1557,0,2,7,0,1,18,0,1,1,0,0,0,0,0,0
560,1392,2,528,1392,1392,1,1,5,1,0,180,0,1,0,0,0,0,1,0,0
561,1389,2,418,1389,1389,1,1,6,1,0,0,0,1,0,0,0,0,0,0,0
562,996,0,0,996,996,1,1,6,1,0,0,0,1,0,1,0,0,0,0,0
563,1674,2,396,1163,1163,1,2,8,1,0,0,0,1,0,0,0,0,0,0,0
564,2295,2,590,1095,1166,0,2,9,0,1,0,0,1,1,0,1,0,0,0,0
565,1647,1,216,806,841,1,1,6,0,1,0,1,0,0,0,0,0,1,0,0
566,2504,3,656,1122,1134,0,2,11,0,1,245,0,1,1,0,0,0,0,1,0
567,1535,2,532,1517,1535,0,2,7,0,1,168,1,0,1,0,1,0,0,0,1
568,2132,2,612,1496,1496,0,1,5,0,0,0,0,1,1,0,1,1,0,0,0
569,943,2,600,943,943,1,1,4,1,0,0,0,2,0,0,1,0,1,0,0
570,1728,2,576,1728,1728,1,2,10,1,0,108,1,0,0,1,0,0,1,0,0
571,864,1,288,864,864,1,1,4,0,0,207,1,0,0,1,0,0,1,0,0
572,1692,2,650,846,846,1,2,6,0,1,0,1,0,0,0,0,0,0,0,0
573,1430,2,400,384,774,1,2,8,1,1,0,0,1,0,0,0,0,0,0,0
574,1109,1,288,372,576,1,1,5,1,0,82,1,0,0,1,0,0,1,0,0
575,1216,1,336,832,832,1,1,6,1,0,0,1,0,0,1,0,0,1,0,0
576,1477,1,216,861,877,1,2,6,1,0,0,0,1,0,1,0,0,1,0,0
577,1320,2,564,1164,1320,1,1,6,1,0,97,0,2,0,1,0,0,0,0,0
578,1392,2,540,689,703,0,2,5,0,1,0,1,0,1,0,0,0,1,0,0
579,1795,1,352,1050,1050,1,2,7,1,0,335,1,0,0,1,0,0,1,0,0
580,1429,2,572,1144,1429,1,1,7,0,0,85,0,2,0,1,0,0,1,0,0
581,2042,3,1390,2042,2042,0,2,8,0,1,306,0,1,0,0,0,1,0,0,1
582,816,0,0,816,816,1,1,5,1,0,104,1,0,0,0,1,0,0,0,0
583,2775,2,880,1237,1521,0,3,9,0,0,0,0,1,0,1,0,0,1,0,0
584,1573,1,240,884,989,1,1,6,0,0,0,1,0,0,1,0,0,1,0,0
585,2028,3,880,1868,2028,0,2,7,0,1,208,0,2,1,0,1,1,0,0,0
586,838,1,275,816,838,1,1,5,0,0,0,1,0,0,1,0,0,0,0,0
587,860,2,528,840,860,1,1,4,1,0,0,1,0,0,1,0,0,1,0,0
588,1473,1,452,1437,1473,1,1,5,0,0,0,0,2,0,1,1,0,1,0,0
589,935,1,308,742,779,1,1,4,1,0,0,1,0,0,1,0,0,1,0,0
590,1582,2,520,770,770,0,2,6,0,1,0,1,0,1,0,1,0,0,0,0
591,2296,3,842,1722,1728,0,2,10,0,1,420,0,1,0,0,1,0,0,0,1
592,816,2,816,816,816,1,1,4,1,1,0,1,0,0,1,1,0,0,0,0
593,848,2,420,848,848,0,1,4,0,1,170,1,0,1,0,1,0,0,0,0
594,924,1,280,924,924,1,1,5,1,0,0,1,0,0,0,0,0,1,0,0
595,1826,3,758,1814,1826,0,2,7,0,1,238,0,1,1,0,1,1,0,0,0
596,1368,1,216,684,684,1,1,7,1,0,0,1,0,0,1,0,0,1,0,0
597,1402,3,648,1258,1402,0,0,7,0,1,72,0,1,1,0,0,0,0,0,0
598,1647,2,621,1430,1647,1,2,7,0,0,459,0,1,0,0,0,0,0,0,0
599,1556,2,452,716,716,1,2,6,1,0,0,0,1,0,0,0,0,0,0,0
600,1904,2,736,1058,1058,0,2,8,0,1,280,0,1,1,0,1,1,0,0,1
601,1375,1,544,780,780,1,1,6,0,1,0,0,1,0,1,0,0,1,0,0
602,1915,2,506,908,927,0,2,8,0,1,0,0,1,1,0,1,1,0,0,0
603,1200,2,480,600,600,0,2,4,0,1,0,1,0,1,0,0,0,0,0,0
604,1494,2,530,1494,1494,0,2,6,0,1,99,0,1,1,0,1,0,0,0,0
605,1986,2,486,768,1186,1,2,7,1,0,176,0,3,0,1,0,0,1,0,0
606,1040,2,576,1040,1040,1,1,6,0,1,0,1,0,0,0,1,0,1,0,0
607,2008,1,230,896,1112,1,3,8,0,0,0,1,0,0,1,1,0,1,0,0
608,3194,2,380,965,1940,1,2,10,1,1,0,0,2,0,0,0,1,1,0,0
609,1029,1,261,1029,1029,1,1,5,1,0,192,1,0,0,1,0,0,1,0,0
610,2153,3,736,1440,1476,0,2,8,0,1,204,0,2,1,0,1,0,0,1,0
611,1032,2,564,1032,1032,1,2,6,1,0,233,0,1,0,0,0,0,1,0,0
612,1872,2,531,1299,1299,0,2,7,0,1,108,0,1,1,0,1,1,0,0,0
613,1120,0,0,1120,1120,1,1,6,1,1,0,1,0,0,0,0,0,0,0,0
614,630,0,0,630,630,1,1,3,1,0,0,1,0,0,0,0,0,0,0,0
615,1054,2,480,936,1054,1,1,6,0,1,156,1,0,0,1,1,0,0,0,0
616,1509,2,393,783,807,0,2,7,0,1,0,0,1,1,0,1,0,0,0,0
617,832,2,528,832,832,1,1,4,0,0,0,1,0,0,1,0,0,1,0,0
618,1828,3,774,1822,1828,0,2,9,0,1,452,0,1,0,0,1,0,1,1,1
619,2262,3,749,1482,1482,0,2,10,0,1,226,0,2,1,0,1,1,0,0,0
620,864,0,0,864,864,1,1,5,1,0,0,1,0,0,1,0,0,0,0,0
621,2614,2,624,1522,1548,1,2,9,1,0,0,0,1,0,1,0,0,0,0,0
622,980,2,484,980,980,1,1,6,1,0,153,1,0,0,1,0,0,1,0,0
623,1512,2,440,756,756,0,2,4,0,1,513,0,1,1,0,1,0,1,0,0
624,1790,2,484,732,1012,1,1,8,1,0,288,0,1,0,1,0,0,0,0,0
625,1116,2,440,1116,1116,1,1,5,1,0,261,1,0,0,1,0,0,1,0,0
626,1422,1,286,978,1422,1,1,6,1,0,0,0,1,0,1,0,0,0,0,0
627,1520,1,364,1156,1520,1,1,7,1,0,164,0,2,0,1,0,0,0,0,0
628,2080,2,504,1040,1040,1,1,9,0,1,192,0,2,0,0,0,0,1,0,0
629,1350,2,520,1248,1350,1,1,6,1,0,259,1,0,0,1,1,0,0,0,0
630,1750,1,240,636,1089,1,1,8,0,0,0,1,0,0,0,0,0,1,0,0
631,1554,2,627,1554,1554,0,2,6,0,1,108,0,1,1,0,1,1,0,0,1
632,1411,2,544,1386,1411,1,2,6,1,0,209,0,1,0,1,0,0,0,0,0
633,1056,1,260,1056,1056,1,1,6,1,0,0,1,0,0,1,0,0,1,0,0
634,1056,2,576,1056,1056,1,0,4,1,0,0,1,0,0,1,1,0,1,0,0
635,3395,0,0,1440,1440,0,2,14,0,0,0,1,0,0,1,0,0,0,0,0
636,800,0,0,264,800,0,1,4,0,0,0,0,1,0,1,0,0,0,0,0
637,1387,1,256,811,811,1,2,7,0,0,0,1,0,0,1,0,0,1,0,0
638,796,0,0,796,796,1,1,4,1,0,0,1,0,0,0,0,0,0,0,0
639,1567,3,648,1520,1567,0,2,7,0,1,0,0,1,1,0,1,1,0,0,0
640,1518,2,588,1518,1518,0,1,6,0,1,472,0,1,0,0,1,1,0,0,1
641,1929,2,650,1057,1057,0,2,7,0,1,0,0,1,1,0,1,0,0,0,0
642,2704,2,538,1952,2000,0,2,9,0,0,0,0,3,1,0,1,1,0,0,0
643,1620,2,462,780,780,1,2,7,1,0,263,1,0,0,1,0,0,0,0,0
644,1766,3,478,1766,1766,0,2,7,0,1,162,0,1,0,0,1,0,0,1,0
645,981,2,576,981,981,1,1,5,1,0,0,1,0,0,1,0,0,1,0,0
646,1048,2,420,0,1048,1,1,7,1,0,0,1,0,0,0,0,0,1,0,0
647,1094,2,495,1094,1094,1,1,5,1,0,216,0,2,0,1,0,0,0,0,0
648,1839,2,442,756,1051,1,1,7,1,0,351,0,1,0,1,0,0,1,0,0
649,630,0,0,630,630,1,1,3,1,0,0,1,0,0,0,0,0,0,0,0
650,1665,2,562,813,822,0,2,7,0,1,0,1,0,1,0,0,0,0,0,0
651,1510,1,296,755,755,1,1,7,1,0,0,0,1,0,1,0,0,1,0,0
652,1716,2,512,880,909,0,2,7,0,1,0,0,1,1,0,0,0,0,0,0
653,1469,1,216,756,756,1,1,7,1,0,0,1,0,0,1,0,0,1,0,0
654,2113,3,839,2109,2113,0,2,7,0,1,660,0,1,1,0,1,1,0,0,0
655,1092,1,264,525,525,1,1,6,1,0,381,1,0,0,1,0,0,1,0,0
656,1053,1,312,1053,1053,0,1,5,0,0,54,1,0,1,1,0,0,0,0,0
657,1502,1,270,776,851,1,1,6,1,0,0,0,1,0,0,0,0,0,0,0
658,1458,1,330,912,912,1,1,6,1,0,0,0,1,0,1,0,0,1,0,0
659,1486,2,480,1486,1486,1,1,7,1,1,0,1,0,0,1,0,0,0,0,0
660,1935,2,550,793,1142,1,2,7,1,0,233,0,1,0,0,0,0,0,0,0
661,2448,3,711,1629,1686,0,2,8,0,1,528,0,1,1,0,1,1,0,0,0
662,1392,2,576,1392,1392,1,1,5,1,0,216,0,2,0,0,0,0,0,0,0
663,1181,2,588,1138,1181,1,2,6,1,0,0,1,0,0,0,0,0,0,0,0
664,2097,3,1134,2077,2097,0,1,8,0,1,0,0,1,1,0,1,1,0,0,0
665,1936,2,504,1406,1454,0,2,7,0,1,40,0,1,1,0,0,1,0,0,0
666,2380,2,596,1021,1465,1,2,7,1,0,113,0,1,0,0,0,0,1,0,0
667,1679,2,575,1408,1679,1,2,7,0,1,258,0,1,0,0,1,0,0,0,0
668,1437,2,576,1188,1437,1,1,6,1,0,0,0,1,0,1,0,0,1,0,0
669,1180,1,252,700,1180,1,1,5,0,0,0,0,1,0,0,0,0,1,0,0
670,1476,2,540,738,738,0,2,7,0,1,0,1,0,1,0,1,0,0,0,0
671,1369,1,300,672,697,1,2,6,1,0,0,1,0,0,1,0,0,1,0,0
672,1208,2,546,1208,1208,0,1,6,1,0,0,0,1,1,0,0,0,0,0,0
673,1839,2,416,1477,1839,1,2,7,0,1,106,0,2,0,1,1,0,0,0,0
674,1136,1,384,1136,1136,1,1,5,1,0,0,0,1,0,1,0,0,0,0,0
675,1441,2,440,855,855,1,2,7,1,0,0,0,1,0,1,0,0,1,0,0
676,1774,3,779,1095,1095,1,2,8,1,0,0,1,0,0,1,0,0,1,0,0
677,792,1,240,768,792,0,1,5,0,0,0,1,0,1,1,0,0,1,0,0
678,2046,3,834,2046,2046,0,2,7,0,1,464,0,1,1,0,0,1,0,0,0
679,988,2,572,988,988,1,1,5,1,0,57,1,0,0,1,0,0,1,0,0
680,923,1,264,923,923,1,2,5,1,0,0,0,1,0,0,0,0,0,0,0
681,1520,1,281,793,848,1,1,6,1,0,0,1,0,0,1,0,0,1,0,0
682,1291,2,431,1291,1291,1,1,6,0,1,0,0,1,0,0,1,0,1,0,0
683,1668,3,702,1626,1668,0,2,7,0,1,215,0,1,1,0,1,0,0,1,0
684,1839,2,486,1195,1195,0,2,7,1,1,30,1,0,1,0,0,0,0,0,0
685,2090,2,577,1190,1190,0,2,6,0,0,0,0,1,1,0,1,0,0,0,0
686,1761,2,578,874,874,0,3,7,0,1,0,1,0,1,0,0,0,0,0,0
687,1102,2,480,551,551,0,2,4,0,1,0,1,0,1,0,1,0,1,0,0
688,1419,2,567,1419,1419,0,2,7,0,1,0,0,1,1,0,1,1,0,0,0
689,1362,2,460,1362,1362,0,2,6,0,1,256,0,1,1,0,0,0,0,0,1
690,848,2,420,848,848,0,1,3,0,1,147,0,1,1,0,1,0,0,0,0
691,4316,3,832,2444,2444,0,3,10,0,1,1170,0,2,0,0,1,0,0,0,0
692,2519,2,628,1210,1238,0,2,9,0,1,293,0,2,1,0,1,0,0,0,0
693,1073,1,326,1073,1073,1,1,4,1,0,0,1,0,0,1,0,0,1,0,0
694,1539,2,576,927,1067,1,1,5,1,0,0,1,0,0,1,0,0,1,0,0
695,1137,2,551,1112,1137,1,2,5,0,0,72,0,1,0,0,1,0,1,0,0
696,616,1,205,616,616,1,1,4,1,0,0,1,0,0,1,0,0,1,0,0
697,1148,1,308,980,1148,1,1,6,1,1,0,1,0,0,0,0,0,1,0,0
698,894,1,336,894,894,1,1,5,1,0,0,0,1,0,1,1,0,1,0,0
699,1391,2,530,1391,1391,0,2,5,0,1,0,1,0,1,0,1,0,0,0,0
700,1800,3,765,1800,1800,0,2,7,0,1,630,0,1,1,0,1,1,0,0,0
701,1164,2,528,1164,1164,1,1,6,1,0,168,1,0,0,1,0,0,1,0,0
702,2576,3,666,1234,1264,0,2,10,0,1,466,0,1,0,0,0,1,0,0,0
703,1812,2,672,360,1032,1,2,8,0,0,0,0,1,0,0,0,0,1,0,0
704,1484,2,606,1473,1484,0,2,7,0,1,109,1,0,1,0,1,0,0,0,0
705,1092,0,0,0,372,0,2,7,0,0,0,1,0,0,0,0,0,0,0,0
706,1824,2,739,1643,1824,1,2,5,0,0,351,0,2,0,0,1,0,1,0,0
707,1324,2,550,1324,1324,0,2,6,0,1,176,0,1,1,0,1,1,0,0,1
708,1456,2,400,728,728,0,2,8,0,1,0,0,1,1,0,0,0,0,0,0
709,904,1,408,876,904,1,1,6,1,1,41,1,0,0,1,0,0,1,0,0
710,729,0,0,270,729,0,1,5,1,0,0,1,0,1,1,0,0,0,0,0
711,1178,1,384,859,859,1,1,7,1,0,0,1,0,0,1,0,0,0,0,0
712,1228,2,472,1228,1228,0,2,5,0,1,0,0,1,1,0,1,1,0,0,0
713,960,2,576,960,960,1,1,6,1,0,160,1,0,0,1,0,0,1,0,0
714,1479,2,475,725,725,0,2,6,0,0,289,1,0,1,1,1,0,0,0,0
715,1350,2,478,1064,1350,1,2,7,1,0,174,0,1,0,0,0,0,0,0,0
716,2554,2,704,718,1576,1,1,8,1,0,0,1,0,0,1,0,0,1,0,0
717,1178,2,439,1176,1178,1,1,5,0,0,0,0,1,0,0,0,0,1,0,0
718,2418,3,983,1311,1325,0,2,9,0,1,651,0,1,1,0,1,0,0,0,0
719,971,1,300,971,971,1,1,5,1,0,0,0,1,0,0,0,0,1,0,0
720,1742,2,564,1742,1742,0,2,5,0,1,0,0,1,1,0,1,1,0,0,0
721,848,2,420,848,848,0,1,3,0,1,169,1,0,1,0,1,0,0,0,0
722,864,2,463,864,864,1,1,5,1,0,0,1,0,0,1,0,0,1,0,0
723,1470,1,548,941,997,1,2,7,1,1,0,1,0,0,1,0,0,1,0,0
724,1698,3,768,1698,1698,0,2,8,0,1,340,0,1,0,0,1,0,0,1,0
725,864,2,660,864,864,1,1,5,0,0,0,1,0,0,1,0,0,1,0,0
726,1680,2,540,880,1680,0,2,5,0,0,260,0,1,1,0,1,0,0,0,0
727,1232,2,632,1232,1232,0,2,6,0,1,82,1,0,1,0,1,0,0,0,0
728,1776,3,888,1584,1776,1,2,9,1,0,95,1,0,0,1,0,0,1,0,0
729,1208,2,539,780,848,1,1,5,1,0,0,1,0,0,1,0,0,1,0,0
730,1616,2,608,1595,1616,0,2,5,0,1,0,0,1,1,0,1,1,0,0,0
731,1146,2,438,868,1146,0,2,6,0,1,442,0,1,1,0,1,0,0,0,0
732,2031,2,541,1153,1153,0,2,8,0,1,202,0,1,1,0,0,0,0,0,0
733,1144,1,264,864,1144,1,1,6,1,0,0,0,1,0,1,0,0,0,0,0
734,948,1,300,948,948,1,1,6,1,1,0,1,0,0,1,0,0,1,0,0
735,1768,2,320,880,880,1,1,6,1,0,0,0,2,0,0,0,0,1,0,0
736,1040,2,400,0,1040,1,2,6,1,0,0,1,0,0,0,0,0,1,0,0
737,1801,3,800,893,901,0,2,8,0,1,0,0,1,1,0,0,1,0,0,0
738,1200,0,0,1200,1200,1,3,5,1,0,0,1,0,0,0,1,0,0,0,0
739,1728,2,572,864,864,0,2,7,0,1,0,1,0,1,0,0,0,0,0,0
740,1432,2,360,264,768,1,2,7,1,0,0,1,0,0,0,0,0,1,0,0
741,912,1,288,912,912,1,1,5,0,0,0,1,0,0,1,1,0,1,0,0
742,1349,2,539,1349,1349,1,2,6,1,1,108,1,0,0,0,0,0,1,0,0
743,1464,2,480,520,1464,1,2,6,1,0,0,0,1,0,0,0,0,0,0,0
744,1337,2,462,1337,1337,0,2,5,0,1,0,0,1,1,0,1,1,0,0,0
745,2715,2,831,1142,1175,0,3,11,0,0,289,0,2,0,1,1,1,0,0,0
746,2256,2,554,952,980,0,2,8,0,1,0,0,1,1,0,1,0,0,0,0
747,2640,4,864,1240,1320,0,1,8,0,0,0,0,1,1,1,0,0,1,0,0
748,1720,2,527,1720,1720,0,2,7,0,1,338,0,1,1,0,1,0,0,0,0
749,1529,1,240,0,1088,1,2,9,1,0,0,1,0,0,0,0,0,1,0,0
750,1140,0,0,576,792,1,1,7,1,0,0,1,0,0,1,0,0,0,0,0
751,1320,2,400,660,660,0,2,6,0,1,0,1,0,1,0,0,0,0,0,0
752,1494,2,576,1479,1494,1,2,6,0,1,0,1,0,0,0,1,0,0,0,0
753,2098,3,878,1030,1038,0,2,8,0,1,178,0,1,1,0,0,1,0,0,1
754,1026,2,440,1026,1026,1,1,5,0,0,0,1,0,0,1,1,0,0,0,0
755,1471,2,440,729,742,1,2,6,1,1,894,1,0,0,0,1,0,1,0,0
756,1768,2,578,866,866,0,2,7,0,1,0,1,0,1,0,1,1,0,0,0
757,1386,2,440,672,672,1,2,6,1,0,328,0,1,0,1,0,0,0,0,0
758,1501,2,440,744,757,1,2,6,1,1,360,1,0,0,0,0,0,1,0,0
759,2531,3,752,1318,1328,0,2,9,0,1,513,0,1,1,0,0,1,0,0,0
760,864,1,300,864,864,1,1,5,1,0,0,1,0,0,1,0,0,1,0,0
761,1301,2,440,1145,1301,1,1,5,0,1,0,1,0,0,1,0,0,1,0,0
762,1547,2,614,756,764,1,2,7,0,1,0,1,0,0,0,1,0,1,0,0
763,2365,3,856,1252,1268,0,2,8,0,1,673,0,1,1,0,1,1,0,0,0
764,1494,2,481,1494,1494,0,1,6,0,1,0,0,1,1,0,0,1,0,0,0
765,1506,2,592,1498,1506,0,2,6,0,1,284,0,1,1,0,0,0,0,1,0
766,1714,2,496,980,980,1,2,7,1,0,42,0,1,0,0,1,0,1,0,0
767,1750,1,423,983,983,1,2,7,1,0,0,1,0,0,0,0,0,1,0,0
768,1836,2,484,1860,1836,0,2,8,0,1,0,0,1,1,0,1,0,0,0,0
769,3279,3,841,1650,1690,0,3,12,0,1,603,0,1,0,0,0,1,0,0,0
770,858,2,576,858,858,1,1,5,1,0,0,1,0,0,0,1,0,1,0,0
771,1220,2,396,836,1220,1,1,6,1,0,0,1,0,0,0,0,0,1,0,0
772,1117,2,672,1029,1117,1,1,6,1,0,0,0,1,0,1,0,0,1,0,0
773,912,1,275,912,912,1,1,5,1,0,1,1,0,0,1,0,0,0,0,0
774,1973,3,895,1935,1973,0,2,9,0,1,375,0,1,1,0,0,1,0,0,1
775,1204,2,412,1204,1204,1,2,5,1,1,320,1,0,0,0,1,0,0,0,0
776,1614,3,865,1614,1614,0,2,7,0,1,240,1,0,1,0,1,0,0,0,0
777,894,2,440,864,894,1,1,5,1,0,0,0,1,0,1,0,0,1,0,0
778,2020,2,630,0,2020,1,2,10,1,0,320,0,2,0,0,0,0,1,0,0
779,1004,2,504,975,1004,1,1,4,1,0,90,1,0,0,0,1,0,1,0,0
780,1253,2,402,1237,1253,1,2,6,1,1,38,0,1,0,0,0,0,0,0,0
781,1603,2,484,761,810,0,2,7,0,1,0,1,0,1,0,0,0,0,0,0
782,1430,2,605,1413,1430,0,2,6,0,1,0,1,0,1,0,0,0,0,0,0
783,1110,2,602,1097,1110,1,1,4,0,1,104,0,1,0,0,1,0,0,0,0
784,1484,0,0,742,742,1,2,9,1,0,0,0,1,0,1,0,0,0,0,0
785,1342,2,457,1372,1342,1,2,7,1,0,0,0,1,0,1,0,0,1,0,0
786,1652,1,416,686,966,1,2,7,1,1,0,1,0,0,0,0,0,1,0,0
787,2084,2,618,956,956,0,2,8,0,1,0,1,0,1,0,1,0,0,0,0
788,901,1,281,901,901,1,1,4,1,0,0,1,0,0,1,0,0,1,0,0
789,2087,2,444,832,976,1,2,9,0,0,157,1,0,0,1,0,0,0,0,0
790,1145,2,397,1145,1145,0,2,5,0,1,11,0,1,1,0,1,0,0,0,0
791,1062,2,539,1029,1062,1,1,5,1,1,0,0,2,0,0,0,0,0,0,0
792,2013,2,455,1117,1127,0,2,8,1,1,0,0,1,1,0,1,0,1,0,0
793,1496,2,474,1496,1496,0,2,7,0,1,140,1,0,1,0,0,1,0,0,0
794,1895,2,409,712,1086,0,2,7,0,1,0,0,1,1,0,0,0,0,0,0
795,1564,2,476,650,888,1,2,7,1,0,130,0,1,0,0,0,0,1,0,0
796,1285,2,528,660,1285,1,1,7,1,0,148,0,1,0,1,0,0,0,0,0
797,773,1,240,773,773,1,1,4,1,0,0,1,0,0,1,0,0,1,0,0
798,3140,3,820,1926,1966,0,3,11,0,1,860,0,2,0,0,0,0,0,1,1
799,1768,1,240,731,981,1,1,7,0,0,252,0,2,0,0,0,0,1,0,0
800,1688,2,603,616,616,1,2,8,0,1,0,1,0,0,0,1,0,0,0,0
801,1196,2,440,1196,1196,1,1,5,1,0,0,1,0,0,1,0,0,1,0,0
802,1456,2,410,728,728,0,2,7,0,1,0,0,1,1,0,1,0,0,0,0
803,2822,3,1020,1734,1734,0,3,12,0,1,424,0,1,0,0,0,0,0,1,1
804,1128,1,286,936,1128,1,1,5,1,0,0,1,0,0,1,0,0,1,0,0
805,1428,2,554,1417,1428,0,2,6,0,1,256,1,0,1,0,0,0,0,0,0
806,980,1,384,980,980,1,2,6,1,1,0,1,0,0,1,0,0,0,0,0
807,1576,2,528,1324,1072,1,1,6,0,0,0,0,1,0,1,1,0,0,0,0
808,1086,2,484,1024,1086,1,1,6,1,0,1047,0,1,0,1,0,0,0,0,0
809,2138,2,360,849,1075,1,2,11,1,1,0,1,0,0,1,0,0,1,0,0
810,1309,2,484,1040,1309,1,1,5,0,0,99,0,1,0,1,0,0,0,0,0
811,848,2,420,848,848,0,1,4,0,1,169,0,1,1,0,1,0,0,0,0
812,1044,2,504,540,1044,0,1,4,0,0,0,1,0,0,1,0,0,1,0,0
813,1442,1,301,1442,1442,1,1,7,1,0,243,1,0,0,1,0,0,0,0,0
814,1250,1,280,686,686,1,1,7,0,0,0,1,0,0,1,0,0,1,0,0
815,1661,2,598,1649,1661,1,2,6,0,1,442,1,0,0,0,0,0,0,0,0
816,1008,1,275,1008,1008,1,1,4,1,0,0,0,1,0,1,0,0,0,0,0
817,1689,3,857,1568,1689,0,2,7,0,1,148,0,2,1,0,1,1,0,0,0
818,1052,2,440,1010,1052,1,1,6,1,0,80,1,0,0,1,1,0,1,0,0
819,1358,2,484,1358,1358,0,2,6,0,1,128,0,1,1,0,1,0,0,0,1
820,1640,2,595,798,798,0,2,6,0,1,0,1,0,1,0,0,0,0,0,0
821,936,2,576,936,936,0,1,4,1,0,0,1,0,0,0,0,0,1,0,0
822,1733,2,433,847,847,0,2,7,0,1,0,0,1,1,0,0,0,0,0,0
823,1489,1,240,778,944,1,2,7,1,0,0,0,1,0,1,0,0,1,0,0
824,1489,2,776,1489,1489,0,2,7,0,1,0,0,1,1,0,0,1,0,0,0
825,2084,3,1220,2078,2084,0,2,7,0,1,816,0,1,0,0,1,0,0,0,1
826,784,0,0,784,784,1,1,5,0,0,0,1,0,0,1,0,0,0,0,0
827,1434,2,527,1454,1434,0,2,6,0,1,0,0,1,1,0,1,0,0,0,0
828,2126,2,538,1013,1160,1,2,7,1,1,0,1,0,0,1,0,0,0,0,0
829,1223,2,480,600,520,0,2,4,0,1,0,1,0,1,0,0,0,0,0,0
830,1392,2,458,1392,1392,1,1,6,1,0,387,0,2,0,1,0,0,0,0,0
831,1200,2,480,600,520,1,2,4,0,1,0,1,0,0,0,0,0,0,0,0
832,1829,2,613,941,941,0,2,7,0,1,223,0,1,1,0,1,0,0,0,0
833,1516,2,472,1516,1516,1,1,6,1,0,180,1,0,0,1,0,0,0,0,0
834,1144,2,456,1144,1144,1,1,6,1,0,136,1,0,0,1,0,0,1,0,0
835,1067,2,436,1067,1067,1,2,4,0,0,0,1,0,0,0,0,0,1,0,0
836,1559,2,812,1559,1559,1,1,5,1,0,0,1,0,0,1,0,0,1,0,0
837,987,1,264,483,483,1,1,5,1,0,158,1,0,0,1,0,0,1,0,0
838,1099,1,352,1099,1099,1,1,6,0,1,0,1,0,0,0,0,0,1,0,0
839,1200,1,240,768,768,1,1,6,1,0,0,1,0,0,1,0,0,1,0,0
840,1482,1,400,672,810,1,2,7,0,0,0,1,0,0,1,0,0,1,0,0
841,1539,2,686,650,958,1,2,8,0,1,0,0,1,0,1,0,0,1,0,0
842,1165,2,490,1127,1165,1,1,6,1,0,183,1,0,0,1,0,0,0,0,0
843,1800,0,0,1800,1800,1,2,10,1,0,0,1,0,0,1,0,0,0,0,0
844,1416,3,720,876,876,1,1,7,1,0,0,0,1,0,1,0,0,1,0,0
845,1701,2,611,1390,1701,1,2,6,1,0,0,0,2,0,0,0,0,0,0,0
846,1775,2,425,740,1006,0,2,7,0,1,137,0,1,1,0,0,0,1,0,0
847,864,1,338,864,864,1,1,5,1,0,0,0,1,0,1,0,0,1,0,0
848,2358,2,360,907,1307,1,3,10,1,0,0,0,1,0,1,0,0,1,0,0
849,1855,2,512,528,1094,0,2,7,1,0,360,0,1,1,1,0,0,0,0,0
850,848,2,420,848,848,0,1,3,0,1,170,1,0,1,0,1,0,0,0,0
851,1456,2,400,1273,1456,0,2,7,0,1,40,0,1,1,0,0,1,0,0,0
852,1646,1,240,918,918,1,2,7,1,0,0,0,2,0,1,0,0,1,0,0
853,1445,2,645,1127,1445,1,1,7,1,0,115,0,1,0,1,0,0,0,0,0
854,1779,2,454,1763,1779,1,1,6,1,0,0,0,1,0,1,0,0,1,0,0
855,1040,1,260,1040,1040,1,1,6,1,0,0,1,0,0,1,0,0,1,0,0
856,1026,2,576,940,1026,1,1,5,1,0,0,1,0,0,0,1,0,1,0,0
857,1481,2,343,702,702,1,2,6,1,1,0,0,1,0,0,0,0,0,0,0
858,1370,2,479,1090,1370,1,2,6,1,0,189,0,1,0,0,0,0,0,0,0
859,2654,2,619,1054,1512,1,2,9,0,0,220,0,1,0,1,0,0,1,0,0
860,1426,1,216,912,912,0,1,7,0,0,0,0,1,1,1,0,0,1,0,0
861,1039,2,504,1039,1039,1,1,6,1,1,0,1,0,0,1,0,0,1,0,0
862,1097,2,480,1040,1097,1,2,6,1,1,0,1,0,0,0,1,0,1,0,0
863,1148,1,672,1148,1148,1,1,6,1,0,0,1,0,0,1,0,0,1,0,0
864,1372,2,529,1372,1372,0,2,6,0,1,0,1,0,1,0,0,0,0,0,0
865,1002,2,902,1002,1002,1,1,5,1,0,76,1,0,0,1,0,0,1,0,0
866,1646,3,870,1638,1646,0,2,6,0,1,274,0,1,1,0,0,1,0,0,0
867,1120,2,544,1040,1120,1,1,5,0,0,0,1,0,0,1,0,0,0,0,0
868,2320,2,672,0,1547,1,2,7,1,0,0,0,1,0,0,0,0,1,0,0
869,1949,2,574,1050,1062,0,2,8,0,1,246,0,1,1,0,1,0,0,0,0
870,894,1,308,894,894,1,1,5,1,0,0,1,0,0,1,0,0,1,0,0
871,1682,2,523,804,804,1,2,7,0,1,116,1,0,0,0,1,0,0,0,0
872,910,2,414,105,910,0,1,5,0,0,0,1,0,1,1,0,0,1,0,0
873,1268,1,288,832,1036,0,1,6,1,0,0,0,1,1,1,0,0,1,0,0
874,1131,1,200,676,676,1,1,5,1,0,0,1,0,0,1,0,0,1,0,0
875,2610,2,550,1184,1184,0,2,11,0,1,0,0,1,1,0,1,1,0,0,0
876,1040,2,648,1064,1040,1,1,5,1,1,0,1,0,0,1,0,0,1,0,0
877,2224,3,738,1462,1462,0,2,10,0,1,216,0,1,1,0,1,0,0,1,1
878,1155,2,576,1109,1155,1,1,6,0,0,0,1,0,0,1,0,0,1,0,0
879,864,1,336,864,864,0,1,6,1,0,90,1,0,1,1,0,0,1,0,0
880,1090,2,450,1090,1090,1,1,5,1,1,0,1,0,0,0,0,0,0,0,0
881,1717,2,400,1156,1187,0,2,7,0,0,117,0,1,1,0,0,0,0,0,0
882,1593,2,389,808,808,1,2,7,1,1,0,0,1,0,0,0,0,0,0,0
883,2230,1,440,795,954,0,1,10,1,1,0,1,0,1,1,0,0,1,0,0
884,892,1,288,892,892,1,1,5,1,0,60,1,0,0,1,0,0,0,0,0
885,1709,2,506,1698,1709,0,2,5,0,1,60,0,1,1,0,1,0,0,1,0
886,1712,2,588,1626,1712,1,2,8,1,0,122,1,0,0,1,0,0,0,0,0
887,1393,1,300,816,872,1,1,8,1,1,0,1,0,0,1,0,0,1,0,0
888,2217,2,621,2217,2217,0,2,8,0,1,0,0,1,1,1,0,1,1,0,0
889,1505,2,505,1505,1505,1,1,6,1,0,90,0,1,0,1,0,0,0,0,0
890,924,2,576,672,672,1,1,6,1,0,0,0,1,0,1,0,0,1,0,0
891,1683,2,440,918,918,1,2,7,1,0,92,0,1,0,1,0,0,0,0,0
892,1068,1,264,1059,1068,1,1,6,1,0,0,1,0,0,1,1,0,0,0,0
893,1383,1,354,1383,1383,1,1,6,1,1,0,0,1,0,0,0,0,1,0,0
894,1535,2,400,0,1535,1,2,8,1,0,0,1,0,0,0,0,0,1,0,0
895,1796,2,483,780,983,1,1,8,1,0,415,0,1,0,1,0,0,0,0,0
896,951,1,327,951,951,1,1,6,1,0,0,1,0,0,1,0,0,1,0,0
897,2240,2,528,0,1120,1,2,12,1,0,0,1,0,0,0,0,0,1,0,0
898,2364,3,820,2330,2364,0,2,11,0,1,760,0,2,0,0,1,0,0,1,1
899,1236,1,288,912,1236,1,1,6,1,0,0,0,1,0,1,0,0,1,0,0
900,858,1,684,858,858,1,1,4,1,0,0,1,0,0,1,0,0,1,0,0
901,1306,1,756,992,1306,1,1,5,1,0,0,1,0,0,1,0,0,1,0,0
902,1509,2,393,783,807,0,2,8,0,1,0,0,1,1,0,0,0,0,0,0
903,1670,3,690,1670,1670,0,2,7,0,1,27,0,1,1,0,0,0,0,0,0
904,902,1,288,876,902,1,1,6,1,0,75,1,0,0,1,1,0,1,0,0
905,1063,1,280,1056,1063,1,1,6,1,0,110,1,0,0,1,0,0,0,0,0
906,1636,3,865,1623,1636,0,2,8,0,1,208,0,1,1,0,1,1,0,0,0
907,2057,1,180,1017,1020,0,1,6,0,0,0,0,1,1,0,0,0,0,0,0
908,902,2,484,864,902,1,1,5,1,0,0,1,0,0,0,0,0,1,0,0
909,1484,2,390,742,742,0,2,8,0,1,0,0,1,1,0,0,0,0,0,0
910,2274,2,480,1105,1105,1,2,12,1,0,361,1,0,0,1,0,0,1,0,0
911,1268,1,252,1268,1268,1,1,5,0,0,0,1,0,0,0,0,0,1,0,0
912,1015,1,450,768,1015,1,1,6,1,0,0,1,0,0,1,0,0,1,0,0
913,2002,3,871,1001,1001,1,2,8,1,0,0,1,0,0,1,0,0,1,0,0
914,1224,2,528,612,612,0,2,4,0,1,76,1,0,1,0,1,0,0,0,0
915,1092,1,286,546,546,1,1,6,1,0,80,1,0,0,1,0,0,1,0,0
916,480,1,308,480,480,1,0,4,1,0,0,1,0,0,1,0,0,1,0,0
917,1229,1,284,1134,1229,1,1,6,1,0,0,1,0,0,1,0,0,0,0,0
918,2127,3,833,1104,912,0,2,8,0,1,0,0,1,1,0,0,0,0,0,0
919,1414,2,601,1184,1414,0,1,6,1,0,0,0,1,0,0,0,0,1,0,0
920,1721,2,471,928,936,0,2,7,0,1,105,1,0,1,0,1,0,0,0,0
921,2200,0,0,1272,1272,1,2,9,1,0,0,1,0,0,1,0,0,0,0,0
922,1316,2,397,1316,1316,0,2,6,0,1,0,0,1,1,0,1,0,0,0,0
923,1617,2,533,1604,1617,0,2,5,0,1,0,0,1,1,0,0,0,0,0,0
924,1686,2,612,1686,1686,1,2,7,1,0,157,0,1,0,0,0,0,1,0,0
925,1126,2,540,1126,1126,1,2,6,0,1,0,1,0,0,0,0,0,0,0,0
926,2374,3,656,1181,1234,0,2,10,0,1,340,0,1,1,0,0,1,0,0,1
927,1978,2,486,832,1098,1,2,9,1,0,342,0,1,0,1,0,0,0,0,0
928,1788,2,522,1753,1788,0,2,7,0,1,0,0,1,1,0,0,1,0,0,0
929,2236,2,642,964,993,1,2,8,0,1,285,0,1,0,0,0,0,0,0,0
930,1466,3,610,1466,1466,0,2,7,0,1,0,1,0,1,0,1,1,0,0,0
931,925,1,429,925,925,1,1,5,1,0,0,1,0,0,1,0,0,1,0,0
932,1905,3,788,1905,1905,0,2,8,0,1,302,0,1,0,0,0,0,0,1,0
933,1500,2,570,1500,1500,0,2,6,0,1,210,1,0,1,0,1,0,0,0,0
934,2069,2,505,585,2069,1,2,9,0,0,0,0,1,0,0,1,0,0,0,0
935,747,2,528,600,747,1,1,5,1,1,108,1,0,0,0,0,0,1,0,0
936,1200,2,555,1176,1200,0,2,5,0,1,0,1,0,1,0,1,0,0,0,0
937,1971,2,689,1113,1113,0,2,8,0,1,0,0,1,1,0,1,0,0,0,0
938,1962,3,868,1391,1391,0,2,7,0,1,0,1,0,1,0,1,0,0,0,0
939,2403,1,349,1032,1207,1,2,10,1,0,0,0,2,0,1,0,0,1,0,0
940,1728,2,574,1728,1728,1,2,8,1,0,0,1,0,0,1,0,0,1,0,0
941,2060,2,390,992,1022,0,2,8,0,1,298,0,1,1,0,0,0,0,0,0
942,1440,0,0,1440,1440,1,2,8,1,1,0,1,0,0,0,1,0,0,0,0
943,1632,2,576,1632,1632,1,2,8,1,0,0,1,0,0,1,0,0,1,0,0
944,1344,2,525,819,1344,1,1,7,0,0,541,0,1,0,1,1,0,0,0,0
945,1869,2,456,1088,1188,1,1,7,1,0,0,1,0,0,1,0,0,1,0,0
946,1144,1,796,1144,1144,1,1,6,1,0,128,0,1,0,1,0,0,0,0,0
947,1629,3,808,1616,1629,0,2,9,0,1,236,0,1,1,0,1,1,0,0,0
948,1776,2,474,936,936,0,2,7,0,1,144,0,1,1,0,0,0,0,0,0
949,1381,2,676,1161,1381,1,1,5,0,0,0,0,1,0,1,0,0,0,0,0
950,864,2,720,864,864,1,1,5,0,0,0,1,0,0,1,0,0,0,0,0
951,965,1,300,828,965,1,1,6,1,0,0,1,0,0,1,0,0,1,0,0
952,768,1,396,768,768,1,1,5,1,0,0,1,0,0,0,1,0,0,0,0
953,1968,2,530,784,1168,1,2,7,1,0,232,0,1,0,1,0,0,0,0,0
954,980,0,0,945,980,1,2,4,1,0,250,1,0,0,0,1,0,0,0,0
955,1958,2,492,979,979,1,2,8,1,0,423,1,0,0,0,0,0,1,0,0
956,1229,2,462,561,561,1,1,5,1,0,0,0,1,0,0,0,0,0,0,0
957,1057,2,576,1057,1057,1,1,6,1,0,0,1,0,0,1,0,0,0,0,0
958,1337,2,531,1337,1337,0,2,6,0,1,0,1,0,1,0,1,0,0,0,0
959,1416,2,484,696,696,0,2,6,0,1,0,1,0,1,0,0,0,1,0,0
960,858,0,0,858,858,1,1,4,1,0,0,1,0,0,1,0,0,0,0,0
961,2872,2,619,1330,1542,1,2,11,1,0,424,0,1,0,0,0,0,0,0,0
962,1548,2,440,804,804,1,2,7,0,0,0,0,1,0,0,0,0,1,0,0
963,1800,2,702,1800,1800,0,2,7,0,1,0,1,0,1,0,0,0,0,1,0
964,1894,2,510,817,824,0,2,8,0,1,44,0,1,1,0,1,0,0,0,0
965,1484,2,393,783,783,0,2,8,0,1,0,0,1,1,0,0,0,0,0,0
966,1308,1,256,728,976,0,1,7,1,0,0,0,2,1,1,0,0,1,0,0
967,1098,1,260,1098,1098,1,1,6,1,0,151,1,0,0,1,0,0,1,0,0
968,968,0,0,600,600,1,1,6,1,0,0,1,0,0,1,0,0,0,0,0
969,1095,1,264,588,1095,1,1,6,1,0,105,1,0,0,1,0,0,0,0,0
970,1192,0,0,720,720,1,1,6,1,0,0,1,0,0,1,0,0,0,0,0
971,1626,2,474,764,764,0,2,6,0,1,106,1,0,1,0,1,0,0,0,1
972,918,1,264,918,918,1,2,5,1,0,0,0,1,0,0,0,0,1,0,0
973,1428,2,480,1428,1428,0,2,6,0,1,0,1,0,1,0,0,0,0,0,0
974,2019,2,532,728,1136,1,1,8,0,0,0,1,0,0,0,0,0,1,0,0
975,1382,2,490,673,673,0,2,6,0,1,0,1,0,1,0,1,0,1,0,0
976,869,0,0,440,869,1,1,4,0,1,0,1,0,0,0,0,0,0,0,0
977,1241,2,569,1241,1241,0,1,4,0,1,0,1,0,1,0,1,0,0,0,0
978,894,2,400,894,894,1,1,5,1,0,0,1,0,0,1,0,0,1,0,0
979,1121,2,480,1121,1121,1,1,5,1,1,0,1,0,0,1,0,0,1,0,0
980,999,2,588,944,999,0,1,6,0,0,210,1,0,0,1,0,0,0,0,0
981,2612,3,676,1225,1276,0,2,8,0,1,975,0,1,1,0,1,1,0,0,0
982,1266,2,388,1266,1266,0,2,6,0,1,16,0,1,1,0,0,0,0,0,0
983,2290,2,779,1128,1149,0,2,9,0,1,0,0,1,1,0,0,1,1,0,0
984,1734,2,539,0,1302,1,2,8,0,0,0,1,0,0,0,0,0,1,0,0
985,1164,1,240,1164,1164,1,1,5,1,0,0,1,0,0,1,0,0,1,0,0
986,1635,1,255,485,1001,1,1,5,0,0,0,1,0,0,1,0,0,1,0,0
987,1940,3,606,1930,1940,0,2,8,0,1,450,0,1,0,0,1,0,0,1,1
988,2030,2,551,848,1118,1,2,8,0,0,298,0,1,0,1,0,0,0,0,0
989,1576,2,614,770,778,0,2,6,0,1,0,1,0,1,0,0,0,0,0,0
990,2392,3,870,1396,1407,0,2,7,0,1,423,0,1,1,0,1,1,0,0,0
991,1742,2,424,916,916,0,1,8,0,0,0,0,1,1,1,0,1,1,0,0
992,1851,2,440,822,1020,1,2,7,0,0,340,0,1,0,1,0,0,0,0,0
993,1500,2,564,750,750,1,2,6,0,1,0,1,0,0,0,0,0,0,0,0
994,1718,3,786,1700,1718,0,2,7,0,1,230,0,1,0,0,1,0,0,0,1
995,1230,1,305,747,774,1,1,5,1,0,0,1,0,0,1,0,0,1,0,0
996,1050,1,368,1050,1050,1,1,6,1,0,0,1,0,0,1,0,0,1,0,0
997,1442,2,615,1442,1442,1,2,6,1,0,571,0,1,0,1,0,0,0,0,0
998,1077,1,210,1007,1077,1,1,6,1,0,0,0,1,0,1,0,0,1,0,0
999,1208,2,632,1187,1208,0,2,6,0,1,24,1,0,1,0,1,0,0,0,0
1000,944,2,528,0,944,1,1,4,0,0,0,1,0,0,0,0,0,1,0,0
1001,691,1,216,691,691,1,1,4,0,0,0,1,0,0,0,0,0,1,0,0
1002,1574,3,824,1574,1574,0,2,7,0,1,53,0,1,1,0,1,1,0,0,0
1003,1680,2,528,1680,1680,1,2,8,1,0,164,1,0,0,1,0,0,1,0,0
1004,1504,2,457,1346,1504,0,2,7,0,1,16,0,1,1,0,1,0,0,0,0
1005,985,1,328,985,985,0,2,6,1,0,220,1,0,1,0,1,0,1,0,0
1006,1657,2,484,1657,1657,1,2,7,1,0,0,0,1,0,0,0,0,1,0,0
1007,1092,1,286,546,546,1,1,6,1,0,0,1,0,0,1,0,0,0,0,0
1008,1710,2,550,1710,1710,0,2,7,0,1,108,0,1,1,0,0,0,0,0,0
1009,1522,0,0,1008,1008,1,2,7,1,0,0,1,0,0,1,0,0,0,0,0
1010,1271,1,312,720,720,1,2,7,1,0,0,0,1,0,1,0,0,1,0,0
1011,1664,0,0,0,1664,1,2,8,1,0,0,1,0,0,0,0,0,0,0,0
1012,1502,1,180,602,900,1,1,7,0,1,0,0,2,0,1,0,0,1,0,0
1013,1022,1,280,1022,1022,1,1,4,1,0,0,1,0,0,1,0,0,1,0,0
1014,1082,1,240,1082,1082,1,1,5,1,0,206,0,1,0,1,0,0,1,0,0
1015,1665,2,528,810,810,0,2,6,0,1,0,1,0,1,0,1,1,0,0,0
1016,1504,2,478,1504,1504,0,2,6,0,1,196,0,1,1,0,1,0,0,0,0
1017,1360,2,565,1220,1360,0,1,4,0,0,0,0,1,1,0,1,1,0,0,0
1018,1472,2,402,384,802,0,2,7,0,1,76,0,1,1,0,0,0,0,0,0
1019,1506,2,440,1362,1506,0,2,6,0,1,145,0,1,1,0,1,0,0,0,0
1020,1132,2,451,1132,1132,1,1,5,0,1,0,1,0,0,0,1,0,0,0,0
1021,1220,2,632,1199,1220,0,2,6,0,1,84,1,0,1,0,1,0,0,0,0
1022,1248,1,160,912,912,1,1,6,1,0,0,1,0,0,1,0,0,1,0,0
1023,1504,2,437,1346,1504,0,2,7,0,1,14,0,1,1,0,1,0,0,0,0
1024,2898,2,665,1565,2898,0,2,10,0,0,0,0,1,1,0,0,1,0,0,0
1025,882,2,461,882,882,1,1,5,1,0,0,1,0,0,1,0,0,1,0,0
1026,1264,2,461,1268,1264,1,1,6,1,0,324,0,2,0,1,0,0,1,0,0
1027,1646,3,800,1638,1646,0,2,7,0,1,338,0,1,1,0,1,1,0,0,0
1028,1376,1,240,768,968,1,1,6,1,0,0,0,1,0,1,0,0,1,0,0
1029,1218,1,264,672,672,1,1,7,1,0,281,1,0,0,1,0,0,1,0,0
1030,1928,0,0,686,948,1,2,10,1,1,0,1,0,0,1,0,0,0,0,0
1031,3082,2,672,824,1687,1,2,12,1,0,0,0,2,0,1,1,0,0,0,0
1032,2520,3,796,1338,1352,0,2,10,0,1,0,0,1,1,0,1,1,0,0,0
1033,1654,3,900,1654,1654,0,2,6,0,1,295,1,0,1,0,1,0,1,0,0
1034,954,1,240,920,954,1,1,5,0,1,0,0,1,0,0,0,0,1,0,0
1035,845,1,290,0,845,1,1,5,1,0,0,1,0,0,0,0,0,1,0,0
1036,1620,3,912,1620,1620,0,2,6,0,1,70,0,1,1,0,1,0,0,1,0
1037,2263,2,905,1055,1055,0,2,7,0,1,396,0,1,1,0,0,1,0,0,0
1038,1344,0,0,546,798,1,1,6,1,0,0,0,1,0,1,0,0,0,0,0
1039,630,1,286,630,630,1,1,3,1,0,0,1,0,0,0,1,0,1,0,0
1040,1803,2,484,1134,1803,1,2,8,1,0,67,0,1,0,1,0,0,0,0,0
1041,1632,2,484,800,800,1,1,7,0,0,252,1,0,0,1,1,0,1,0,0
1042,1306,2,624,1306,1306,0,2,5,0,1,135,0,1,1,0,0,0,0,0,1
1043,2329,2,514,1475,1532,1,2,10,0,1,99,0,1,0,0,1,0,1,0,0
1044,2524,2,542,2524,2524,0,2,9,0,1,0,0,1,1,0,0,1,0,0,0
1045,1733,2,452,0,1733,1,2,8,1,0,0,0,1,0,0,0,0,1,0,0
1046,2868,3,716,1992,1992,0,3,11,0,1,208,0,1,1,0,1,0,0,1,0
1047,990,2,672,990,990,1,1,5,1,1,0,1,0,0,0,1,0,1,0,0
1048,1771,2,336,0,1771,1,1,9,1,0,75,0,1,0,0,0,0,1,0,0
1049,930,1,308,0,930,1,1,6,0,0,0,1,0,0,0,0,0,1,0,0
1050,1302,2,436,1302,1302,0,2,6,0,1,0,1,0,1,0,0,0,0,0,0
1051,1316,2,440,1316,1316,0,2,6,0,1,0,0,1,1,0,0,0,0,0,0
1052,1977,2,540,816,1127,1,1,9,1,0,272,0,1,0,1,0,0,0,0,0
1053,1526,1,364,1216,1526,1,1,7,1,0,145,0,1,0,1,0,0,1,0,0
1054,1989,2,586,1065,1091,0,2,7,0,1,210,0,1,1,0,1,1,0,0,0
1055,1523,2,478,1193,1523,1,2,7,1,0,160,0,1,0,0,0,0,0,0,0
1056,1364,2,484,1364,1364,0,2,6,0,1,240,0,1,1,0,1,0,0,0,1
1057,1850,2,467,973,979,0,2,7,0,1,0,0,1,1,0,1,0,0,0,0
1058,2184,3,836,1104,1130,0,2,10,0,1,154,0,1,0,0,1,0,0,1,1
1059,1991,2,432,854,1096,1,1,7,1,0,480,0,1,0,1,0,0,1,0,0
1060,1338,2,582,1338,1338,0,2,6,0,1,0,1,0,1,0,1,1,0,0,0
1061,894,3,1248,894,894,0,1,6,1,0,0,1,0,0,1,0,0,0,0,0
1062,2337,2,560,662,1422,1,2,10,1,0,0,1,0,0,1,0,0,1,0,0
1063,1103,2,440,1103,1103,1,1,5,0,0,0,0,1,0,1,0,0,1,0,0
1064,1154,2,480,1154,1154,1,1,6,1,0,200,0,1,0,1,0,0,0,0,0
1065,2260,2,533,1306,1306,0,2,7,0,1,0,1,0,1,0,1,0,0,0,0
1066,1571,2,380,799,799,0,2,7,1,1,0,0,1,1,0,0,0,0,0,0
1067,1611,2,442,780,798,1,1,7,1,0,360,1,0,0,1,1,0,0,0,0
1068,2521,2,576,942,1291,1,2,10,1,0,0,0,1,0,0,0,0,0,0,0
1069,893,2,576,845,893,1,1,4,0,0,0,1,0,0,1,0,0,1,0,0
1070,1048,1,286,1048,1048,1,1,6,1,0,120,1,0,0,1,0,0,1,0,0
1071,1556,2,441,727,829,1,1,8,1,0,0,1,0,0,1,0,0,1,0,0
1072,1456,1,280,810,1002,1,1,7,1,0,0,0,1,0,0,0,0,1,0,0
1073,1426,2,440,690,698,1,1,6,1,0,140,1,0,0,1,0,0,0,0,0
1074,1240,3,826,1240,1240,0,2,5,0,1,0,1,0,1,0,0,0,0,0,0
1075,1740,1,240,800,960,1,1,6,1,0,0,0,2,0,1,0,0,1,0,0
1076,1466,2,566,796,1096,1,2,7,0,0,0,0,1,0,0,0,0,1,0,0
1077,1096,1,299,1096,1096,1,1,6,1,0,0,1,0,0,1,0,0,0,0,0
1078,848,2,420,848,848,0,1,3,0,1,169,0,1,1,0,1,0,0,0,0
1079,990,1,299,990,990,1,1,5,1,1,0,1,0,0,0,1,0,1,0,0
1080,1258,2,528,1258,1258,0,2,5,0,0,144,1,0,1,1,0,0,0,0,0
1081,1040,1,308,1040,1040,1,1,5,1,0,0,1,0,0,1,0,0,0,0,0
1082,1459,2,527,1459,1459,0,2,6,0,1,100,0,1,1,0,0,0,0,0,0
1083,1251,1,461,1251,1251,1,1,6,1,0,425,0,2,0,1,0,0,0,0,0
1084,1498,2,409,691,691,1,2,6,1,1,0,0,1,0,0,0,0,0,0,0
1085,996,2,564,936,996,1,1,5,0,1,0,1,0,0,0,1,0,1,0,0
1086,1092,1,286,546,546,1,1,6,1,0,0,1,0,0,1,0,0,0,0,0
1087,1953,3,1043,1082,1082,0,2,9,0,1,0,0,1,1,0,0,1,0,0,0
1088,1709,2,380,970,970,0,2,7,0,1,50,1,0,1,0,0,0,1,0,0
1089,1247,2,550,1247,1247,0,1,4,0,1,0,0,1,1,0,1,1,0,0,0
1090,1040,2,400,0,1040,1,2,6,1,0,0,1,0,0,0,0,0,1,0,0
1091,1252,2,462,600,624,0,2,4,0,1,212,1,0,1,0,0,0,1,0,0
1092,1694,2,576,1181,1390,1,2,7,1,1,0,0,1,0,1,0,0,1,0,0
1093,1200,2,884,864,1200,1,1,6,0,0,166,1,0,0,1,1,0,1,0,0
1094,936,1,308,936,936,1,1,4,1,0,0,1,0,0,1,0,0,0,0,0
1095,1314,2,440,1314,1314,0,2,6,0,1,0,0,1,1,0,1,0,0,0,0
1096,1355,0,0,684,773,1,1,7,0,1,0,1,0,0,1,0,0,0,0,0
1097,1088,2,461,1074,1088,0,1,5,0,0,0,1,0,1,0,0,1,0,0,0
1098,1324,1,240,672,757,1,1,6,1,0,0,1,0,0,1,0,0,1,0,0
1099,1601,2,478,1271,1601,1,2,7,1,0,206,0,1,0,0,0,0,0,0,0
1100,438,1,246,290,438,1,1,3,0,0,0,1,0,0,1,0,0,1,0,0
1101,950,1,280,950,950,1,1,5,1,0,0,1,0,0,1,0,0,1,0,0
1102,1134,1,254,1010,1134,1,1,6,1,0,45,1,0,0,1,0,0,0,0,0
1103,1194,2,539,655,1194,1,1,6,1,0,0,0,1,0,1,0,0,0,0,0
1104,1302,2,440,630,630,1,2,6,1,0,304,1,0,0,1,0,0,1,0,0
1105,2622,2,712,1463,1500,0,2,9,0,1,362,0,2,1,0,1,1,0,0,0
1106,1442,2,719,910,1442,0,2,6,0,1,0,0,1,1,0,1,0,0,0,0
1107,2021,2,422,868,887,0,2,9,0,1,0,0,1,1,0,0,0,0,0,0
1108,1690,2,463,924,948,1,2,7,1,1,0,0,1,0,0,0,0,0,0,0
1109,1836,3,862,1836,1836,0,2,7,0,1,42,0,1,1,0,1,1,0,0,1
1110,1658,2,431,773,773,1,2,8,1,1,0,0,1,0,0,1,0,0,0,0
1111,1964,2,483,803,1098,1,2,8,1,0,660,0,1,0,1,0,0,0,0,0
1112,816,1,308,816,816,1,1,5,1,0,0,1,0,0,1,1,0,1,0,0
1113,1008,1,240,1008,1008,1,1,6,0,0,0,1,0,0,1,0,0,1,0,0
1114,833,1,326,833,833,1,1,4,0,0,0,1,0,0,1,0,0,1,0,0
1115,1734,3,928,1734,1734,0,2,7,0,1,328,0,1,1,0,1,1,0,0,1
1116,1419,2,527,408,779,0,2,7,0,1,0,0,1,1,0,1,1,0,0,0
1117,894,2,450,894,894,1,1,5,0,0,0,1,0,0,1,0,0,0,0,0
1118,1601,1,300,533,1021,1,1,6,1,0,0,1,0,0,1,0,0,0,0,0
1119,1040,1,286,1040,1040,1,1,6,1,0,0,1,0,0,1,0,0,0,0,0
1120,1012,1,308,1012,1012,1,1,6,1,0,0,0,1,0,1,0,0,1,0,0
1121,1552,3,782,1552,1552,0,2,7,0,1,196,1,0,1,0,1,0,0,0,0
1122,960,1,288,672,960,1,1,5,1,0,0,1,0,0,1,0,0,1,0,0
1123,698,0,0,698,698,1,1,4,1,0,0,1,0,0,1,0,0,0,0,0
1124,1482,2,392,384,812,1,2,7,0,1,170,0,1,0,0,0,0,0,0,0
1125,1005,2,672,1005,1005,1,1,5,0,0,0,0,1,0,1,0,0,1,0,0
1126,1555,3,660,1373,1555,0,2,7,0,1,130,0,1,1,0,0,0,0,0,0
1127,1530,3,630,1530,1530,0,2,7,0,1,0,0,1,1,0,1,0,0,0,0
1128,1959,2,434,847,847,0,2,8,0,1,0,0,1,1,0,0,0,0,0,0
1129,936,2,672,936,936,1,1,4,1,0,180,1,0,0,0,1,0,1,0,0
1130,1981,2,576,1122,1328,1,2,7,0,0,0,0,2,0,1,0,0,1,0,0
1131,974,0,0,974,974,1,1,5,1,1,0,1,0,0,0,0,0,0,0,0
1132,2210,1,205,1008,1178,1,2,8,0,0,0,1,0,0,1,0,0,1,0,0
1133,2020,2,466,1128,1142,0,2,8,0,1,0,0,1,1,0,1,1,0,0,0
1134,1600,2,460,916,916,1,2,7,1,1,0,0,1,0,0,0,0,0,0,0
1135,986,1,180,960,986,1,1,5,1,0,0,0,1,0,1,0,0,1,0,0
1136,1252,1,288,1032,1032,1,1,6,1,0,0,1,0,0,1,0,0,1,0,0
1137,1020,0,0,780,780,1,1,6,1,0,0,1,0,0,1,0,0,0,0,0
1138,1567,2,714,1567,1567,1,2,5,0,1,0,0,2,0,1,0,0,0,0,0
1139,1167,2,495,915,1167,1,1,6,1,0,0,0,1,0,1,0,0,1,0,0
1140,952,2,840,952,952,1,1,4,1,0,0,1,0,0,1,0,0,1,0,0
1141,1868,2,484,780,1088,1,2,9,0,0,44,0,1,0,1,0,0,1,0,0
1142,2828,3,1052,1466,1466,0,3,11,0,1,340,0,1,1,0,1,1,0,0,0
1143,1006,0,0,1006,1006,1,1,5,1,0,0,1,0,0,1,1,0,0,0,0
1144,924,1,280,672,672,1,1,5,0,0,0,1,0,0,0,0,0,1,0,0
1145,1576,1,225,1042,1042,1,1,8,1,0,0,0,1,0,1,0,0,1,0,0
1146,1298,2,403,1298,1298,0,2,5,0,0,85,0,1,1,0,1,0,1,0,0
1147,1564,1,234,704,860,1,1,7,0,0,0,0,1,0,1,0,0,1,0,0
1148,1111,1,288,572,572,1,1,5,1,1,0,0,1,0,1,0,0,1,0,0
1149,1482,2,324,650,832,1,1,7,1,1,0,1,0,0,1,0,0,1,0,0
1150,932,1,306,932,932,1,1,4,0,0,0,0,1,0,1,0,0,1,0,0
1151,1466,2,528,1466,1466,1,1,6,0,0,132,0,2,0,1,0,0,0,0,0
1152,1811,2,470,1073,1811,1,1,6,0,1,0,0,1,0,1,0,0,0,0,0
1153,816,1,432,816,816,0,1,5,1,0,0,1,0,1,1,0,0,1,0,0
1154,1820,2,492,864,902,1,1,8,0,0,288,0,2,0,1,0,0,1,0,0
1155,1437,2,528,1437,1437,0,2,6,0,0,0,0,1,1,0,0,0,0,0,0
1156,1265,2,502,1219,1265,1,2,6,0,1,0,0,1,0,1,0,0,0,0,0
1157,1314,2,626,1314,1314,0,2,6,0,1,166,0,1,1,0,1,0,0,0,1
1158,1580,3,830,1580,1580,0,2,7,0,1,186,1,0,1,0,0,1,0,0,0
1159,1876,2,540,901,943,0,2,8,0,0,270,0,1,1,1,0,0,0,0,0
1160,1456,2,440,855,855,1,2,7,1,0,0,0,1,0,0,0,0,1,0,0
1161,1640,2,924,1296,1640,0,1,7,0,0,72,0,1,1,1,0,0,1,0,0
1162,894,2,450,894,894,1,1,5,1,0,0,0,1,0,0,0,0,0,0,0
1163,1258,2,400,1198,1258,1,0,6,1,0,0,1,0,0,0,1,0,1,0,0
1164,1432,2,588,1360,1432,1,1,5,0,1,0,0,1,0,0,0,0,1,0,0
1165,1502,2,644,1502,1502,0,2,7,0,1,268,1,0,1,0,0,0,0,0,1
1166,1694,3,776,1694,1694,0,2,7,0,1,72,1,0,1,0,0,1,0,0,0
1167,1671,2,472,959,959,1,2,7,1,1,0,0,1,0,0,1,0,0,0,0
1168,2108,2,540,1127,1236,1,2,7,0,0,0,0,2,0,1,0,0,1,0,0
1169,3627,3,807,1930,1831,0,3,10,0,1,1378,0,1,1,0,1,0,0,0,0
1170,1118,1,358,1096,1118,1,1,6,1,0,0,0,1,0,1,0,0,0,0,0
1171,1261,2,433,1261,1261,1,1,6,1,0,0,0,1,0,1,0,0,0,0,0
1172,1250,2,625,625,625,0,2,5,0,1,0,1,0,1,0,0,0,0,0,0
1173,3086,0,0,1598,1636,1,3,12,0,0,0,0,1,0,1,0,0,0,0,0
1174,2345,2,360,952,1170,1,2,9,1,0,0,0,1,0,0,0,0,1,0,0
1175,2872,2,541,1683,2129,0,2,9,0,1,337,0,1,1,0,1,1,0,0,0
1176,923,1,264,876,923,1,1,5,1,0,0,1,0,0,1,0,0,1,0,0
1177,1224,1,210,818,818,1,1,5,1,0,0,1,0,0,1,0,0,1,0,0
1178,1343,1,186,731,820,1,1,7,1,0,0,0,1,0,1,0,0,1,0,0
1179,1124,0,0,0,1124,1,1,5,1,0,0,0,1,0,0,0,0,0,0,0
1180,2514,2,693,1216,1298,1,2,8,1,0,0,1,0,0,0,0,0,0,0,0
1181,1652,2,482,1600,1652,0,2,5,0,1,186,0,1,0,0,1,1,0,0,0
1182,4476,3,813,2396,2411,0,3,10,0,1,0,0,2,1,0,1,0,0,0,0
1183,1130,2,720,1120,1130,1,1,5,1,0,0,0,1,0,1,0,0,1,0,0
1184,1572,3,995,1572,1572,1,1,5,1,0,226,0,2,0,1,0,0,0,0,0
1185,1221,1,392,784,949,1,1,7,1,0,0,1,0,0,1,0,0,1,0,0
1186,1699,2,420,978,1014,1,2,7,1,0,0,1,0,0,0,0,0,1,0,0
1187,1624,3,757,1624,1624,0,2,5,0,1,0,0,1,1,0,1,1,0,0,0
1188,1660,2,493,831,831,0,2,7,0,1,95,1,0,1,0,0,0,0,0,0
1189,1804,2,442,994,1028,1,2,7,0,1,0,0,1,0,1,0,0,0,0,0
1190,1622,4,1356,1249,1622,1,1,7,1,0,149,0,1,0,1,0,0,0,0,0
1191,1441,2,492,776,764,0,2,5,0,1,456,1,0,1,0,0,1,1,0,0
1192,1472,1,250,702,842,1,1,6,0,1,0,1,0,0,1,0,0,1,0,0
1193,1224,2,402,1224,1224,1,2,5,1,1,425,1,0,0,0,1,0,0,0,0
1194,1352,1,299,663,663,1,1,7,1,0,143,1,0,0,1,0,0,0,0,0
1195,1456,2,400,728,728,1,2,8,0,1,0,1,0,0,0,0,0,0,0,0
1196,1863,3,660,879,879,0,2,9,0,1,0,0,1,1,0,0,0,0,0,0
1197,1690,1,225,815,815,1,1,7,1,0,0,0,1,0,1,0,0,1,0,0
1198,1212,2,573,1212,1212,0,2,6,0,1,0,1,0,1,0,0,0,0,0,0
1199,1382,2,459,1051,1382,1,1,6,1,0,51,0,1,0,1,0,0,1,0,0
1200,864,1,280,864,864,1,1,5,1,0,0,1,0,0,1,0,0,1,0,0
1201,1779,2,546,866,866,1,2,6,0,1,0,1,0,0,0,0,0,0,0,0
1202,1348,1,216,884,884,1,1,5,1,0,0,0,1,0,1,0,0,1,0,0
1203,1630,2,451,1630,1630,0,2,6,0,1,171,0,1,1,0,0,0,1,0,0
1204,1074,2,495,1056,1074,1,1,6,1,0,0,1,0,0,0,0,0,0,0,0
1205,2196,3,701,2158,2196,0,2,7,0,0,234,0,1,1,0,0,0,0,0,0
1206,1056,1,384,1056,1056,1,1,5,1,0,0,1,0,0,1,0,0,1,0,0
1207,1700,2,544,1682,1700,0,2,7,0,1,120,1,0,1,0,1,0,0,0,0
1208,1283,2,506,931,1283,1,1,6,1,0,0,1,0,0,1,0,0,1,0,0
1209,1660,2,500,1660,1660,0,2,8,0,1,420,0,1,1,0,1,1,0,0,0
1210,1845,2,462,1055,1055,0,2,8,0,1,0,0,1,1,0,0,0,0,0,0
1211,1752,2,492,559,1080,0,2,8,1,0,0,1,0,1,0,1,1,0,0,0
1212,672,1,234,672,672,1,1,4,1,0,0,1,0,0,1,0,0,1,0,0
1213,960,1,364,648,960,1,0,3,1,0,0,1,0,0,1,1,0,1,0,0
1214,999,1,300,925,999,1,1,6,1,0,0,1,0,0,1,0,0,1,0,0
1215,894,1,384,894,894,1,1,5,1,0,0,1,0,0,1,0,0,0,0,0
1216,1902,2,539,0,1318,1,2,8,1,0,0,1,0,0,0,0,0,1,0,0
1217,1314,2,552,1300,1314,0,2,6,0,1,72,1,0,1,0,1,1,0,0,0
1218,912,0,0,0,672,1,1,3,1,0,0,1,0,0,0,0,0,0,0,0
1219,1218,0,0,672,672,1,1,7,1,0,236,1,0,0,1,0,0,0,0,0
1220,912,1,288,912,912,1,1,5,1,0,0,1,0,0,1,0,0,1,0,0
1221,1211,1,322,952,1211,1,1,5,1,0,0,0,1,0,1,0,0,1,0,0
1222,1846,1,315,1040,1168,1,2,7,1,0,320,0,1,0,1,0,0,1,0,0
1223,2136,2,528,2136,2136,1,2,7,1,0,44,1,0,0,1,0,0,1,0,0
1224,1490,2,388,788,788,0,2,8,0,1,0,0,1,1,0,1,0,0,0,0
1225,1138,1,264,588,1138,1,1,6,1,0,63,1,0,0,1,1,0,0,0,0
1226,1933,3,668,894,894,0,2,9,0,1,74,0,1,1,0,0,0,0,0,0
1227,912,2,576,912,912,1,1,5,0,0,300,1,0,0,1,0,0,1,0,0
1228,1702,3,1052,1702,1702,0,1,7,0,1,766,0,1,0,0,1,0,0,1,1
1229,1507,1,404,1075,1507,1,2,7,1,0,0,1,0,0,1,0,0,1,0,0
1230,2620,2,600,1361,1361,1,2,12,1,0,1,0,1,0,0,1,0,0,0,0
1231,1190,2,540,1106,1190,1,1,6,1,0,120,1,0,0,1,0,0,1,0,0
1232,1224,2,462,0,1224,1,2,6,1,0,0,1,0,0,0,0,0,1,0,0
1233,1188,2,531,1188,1188,1,1,6,1,0,180,1,0,0,1,0,0,0,0,0
1234,1964,0,0,940,1024,1,1,7,1,1,0,1,0,0,1,0,0,0,0,0
1235,1784,1,180,747,892,1,1,9,1,0,0,1,0,0,0,0,0,1,0,0
1236,1626,2,474,764,764,0,2,6,0,1,106,1,0,1,0,0,0,0,0,1
1237,1948,2,434,847,847,0,2,8,0,1,0,0,1,1,0,0,0,0,0,0
1238,1141,2,484,1141,1141,0,1,6,1,1,0,1,0,1,0,0,0,1,0,0
1239,1484,2,472,1476,1484,0,2,6,0,1,32,0,1,1,0,1,1,0,0,0
1240,1768,2,543,884,884,0,2,8,0,1,252,1,0,1,0,1,0,0,0,0
1241,1689,3,954,1689,1689,0,2,7,0,1,0,1,0,1,0,0,0,0,0,0
1242,1173,2,528,1053,1173,1,2,6,0,0,81,0,2,0,0,1,0,0,0,0
1243,2076,3,850,2076,2076,0,2,7,0,1,0,0,1,0,0,1,0,0,0,1
1244,1517,2,400,792,792,1,1,7,0,1,0,0,2,0,0,0,1,1,0,0
1245,1868,2,477,585,1140,1,3,7,1,0,74,0,1,0,0,0,0,0,0,0
1246,1553,2,615,756,756,0,2,6,0,1,0,1,0,1,0,0,0,0,0,0
1247,1034,3,888,1012,1034,1,1,6,1,0,335,1,0,0,1,1,0,1,0,0
1248,2058,2,396,735,1134,1,1,8,1,0,0,0,1,0,0,0,0,1,0,0
1249,988,1,276,876,988,1,1,6,1,0,0,1,0,0,1,0,0,1,0,0
1250,2110,2,522,2110,2110,0,2,8,0,0,0,0,2,1,1,0,0,0,0,0
1251,1405,2,478,1405,1405,0,2,6,0,1,163,0,1,1,0,0,0,0,0,1
1252,874,1,288,864,874,1,1,5,1,0,0,1,0,0,1,0,0,0,0,0
1253,2167,2,518,1192,1516,0,2,9,0,0,0,0,2,1,1,0,0,0,0,0
1254,1656,2,397,746,760,0,2,7,0,1,92,0,1,1,0,0,0,0,0,0
1255,1367,1,560,884,959,1,1,6,1,0,0,0,1,0,1,0,0,1,0,0
1256,1987,2,691,1986,1987,0,2,7,0,1,554,0,1,1,0,1,1,0,0,0
1257,864,0,0,864,864,1,1,4,1,1,0,1,0,0,0,0,0,0,0,0
1258,1166,2,400,856,1166,0,2,5,0,1,182,1,0,1,0,1,0,0,0,0
1259,1054,2,460,1054,1054,1,1,6,1,0,0,1,0,0,0,0,0,1,0,0
1260,1675,2,502,841,892,1,2,7,1,1,0,0,1,0,0,0,0,0,0,0
1261,1050,1,338,1050,1050,1,1,5,1,0,0,1,0,0,1,0,0,1,0,0
1262,1788,1,304,1104,1104,1,1,8,1,0,0,0,2,0,1,0,0,1,0,0
1263,1824,2,520,764,1060,1,1,8,1,1,0,0,1,0,1,0,0,1,0,0
1264,1337,2,511,1405,1337,0,2,5,0,1,0,1,0,1,0,1,0,0,0,0
1265,1452,2,506,691,713,0,2,6,0,1,218,1,0,1,0,1,0,1,0,0
1266,1889,1,308,925,964,0,1,9,1,0,0,0,1,0,1,0,0,1,0,0
1267,2018,3,746,2002,2018,0,2,10,0,1,0,0,1,0,0,0,0,0,1,0
1268,3447,3,1014,728,1968,1,3,11,0,0,632,0,2,0,1,0,1,1,0,0
1269,1524,1,315,874,874,1,1,7,1,0,180,1,0,0,1,0,0,1,0,0
1270,1524,2,586,1332,1332,0,0,4,0,1,0,0,1,1,0,1,0,0,0,0
1271,1489,2,462,1489,1489,1,2,7,0,0,0,0,1,0,1,0,0,0,0,0
1272,935,1,288,935,935,1,1,5,1,0,114,1,0,0,1,0,0,1,0,0
1273,1357,1,312,1019,1357,1,1,5,0,0,84,0,1,0,1,0,0,0,0,0
1274,1250,2,552,661,661,1,2,8,1,1,0,0,1,0,1,0,0,1,0,0
1275,1920,2,400,928,928,1,2,10,1,0,567,1,0,0,1,0,0,1,0,0
1276,1395,2,497,723,735,1,1,6,1,0,0,0,1,0,1,0,0,1,0,0
1277,1724,2,480,1680,1724,1,1,7,1,0,359,0,1,0,0,0,0,0,0,0
1278,2031,2,577,1128,1128,0,2,7,0,1,0,0,1,1,0,1,1,0,0,0
1279,1128,2,528,698,698,1,1,6,1,0,0,1,0,0,1,0,0,0,0,0
1280,1573,2,544,1573,1573,0,2,6,0,1,110,1,0,1,0,1,0,0,0,0
1281,1339,2,484,1309,1339,1,2,6,1,0,54,0,1,0,0,0,0,0,0,0
1282,1040,2,484,1040,1040,1,2,5,0,0,0,1,0,0,0,0,0,1,0,0
1283,1824,0,0,912,912,1,2,8,1,0,0,1,0,0,1,0,0,0,0,0
1284,2447,1,336,804,1699,1,2,10,0,1,0,0,1,0,1,0,0,1,0,0
1285,1412,1,280,780,825,1,1,6,1,0,0,0,1,0,1,0,0,1,0,0
1286,1328,2,528,1328,1328,1,1,6,1,0,451,0,2,0,1,0,0,1,0,0
1287,1582,2,390,1624,1582,1,2,7,1,0,621,1,0,0,1,0,0,1,0,0
1288,1659,2,499,1501,1659,0,2,5,0,1,0,0,1,1,0,1,1,0,0,0
1289,1970,3,753,1085,1120,0,2,8,0,1,788,0,1,1,0,0,1,0,0,1
1290,1152,2,484,1152,1152,1,1,6,1,1,86,0,1,0,1,1,0,0,0,0
1291,1302,1,264,630,630,1,2,6,1,0,268,1,0,0,1,0,0,1,0,0
1292,2372,1,432,994,1378,1,2,11,1,0,0,1,0,0,1,0,0,0,0,0
1293,1664,2,528,832,832,1,2,8,1,1,0,0,1,0,0,1,0,0,0,0
1294,864,2,572,864,864,1,1,5,1,0,0,1,0,0,1,0,0,1,0,0
1295,1052,1,288,1052,1052,1,1,5,1,0,168,1,0,0,1,0,0,0,0,0
1296,1128,2,525,1120,1128,1,2,6,1,0,148,1,0,0,1,0,0,0,0,0
1297,1072,2,525,547,1072,1,2,5,1,1,82,1,0,0,0,1,0,0,0,0
1298,5642,2,1418,6110,4692,0,2,12,0,1,796,0,3,0,0,1,0,0,0,0
1299,1246,1,305,1246,1246,1,1,6,0,0,0,1,0,0,1,0,0,0,0,0
1300,1983,2,490,978,1005,0,2,9,0,1,344,0,1,1,0,1,0,0,0,0
1301,1494,1,213,771,753,1,1,7,0,0,0,0,2,0,1,0,0,1,0,0
1302,2526,3,844,1165,1203,0,2,8,0,1,391,0,1,1,0,1,1,0,0,0
1303,1616,3,834,1616,1616,0,2,7,0,1,228,1,0,1,0,0,0,0,0,0
1304,1708,2,380,976,976,0,2,7,0,1,117,1,0,1,0,0,0,1,0,0
1305,1652,2,840,1652,1652,0,2,6,0,1,300,0,2,1,0,1,0,0,1,1
1306,1368,2,474,1368,1368,0,2,6,0,1,94,0,1,1,0,0,0,0,0,1
1307,990,2,480,990,990,1,1,5,1,1,0,1,0,0,0,0,0,1,0,0
1308,1122,2,528,924,1122,1,1,6,0,0,0,1,0,0,1,1,0,1,0,0
1309,1294,2,496,1278,1294,1,2,6,0,0,88,1,0,0,0,1,0,0,0,0
1310,1902,2,567,1902,1902,0,2,7,0,1,0,0,2,1,0,1,0,0,0,0
1311,1274,2,508,1274,1274,0,2,6,0,1,80,1,0,1,0,1,0,0,0,0
1312,2810,2,750,1453,1453,0,2,9,0,1,336,0,1,1,0,1,1,0,0,0
1313,2599,3,779,1393,1422,0,2,10,0,1,165,0,1,1,0,0,0,0,1,0
1314,948,1,280,948,948,1,1,5,1,0,0,0,1,0,1,0,0,1,0,0
1315,2112,2,576,952,1092,1,2,9,1,0,0,0,2,0,0,0,0,1,0,0
1316,1630,3,860,1622,1630,0,2,8,0,1,270,0,1,1,0,0,1,0,0,0
1317,1352,2,466,1352,1352,0,2,5,0,1,0,0,1,1,0,0,0,0,0,0
1318,1787,3,748,1753,1787,0,2,7,0,1,178,0,1,1,0,0,1,0,0,0
1319,948,1,248,864,948,1,1,5,1,1,132,1,0,0,1,0,0,1,0,0
1320,1478,2,442,1478,1478,1,1,6,1,0,0,0,2,0,1,0,0,0,0,0
1321,720,1,287,0,720,1,1,4,1,0,0,1,0,0,0,0,0,1,0,0
1322,1923,2,564,750,1061,0,2,8,0,1,0,0,1,1,0,1,0,0,0,0
1323,708,0,0,420,708,0,1,5,0,0,0,1,0,0,1,0,0,0,0,0
1324,1795,3,895,1795,1795,0,2,7,0,1,428,0,1,1,0,0,1,0,0,0
1325,796,0,0,796,796,1,1,5,1,0,0,1,0,0,1,0,0,0,0,0
1326,774,0,0,544,774,1,1,6,0,0,0,1,0,0,1,0,0,0,0,0
1327,816,1,264,816,816,0,1,5,0,0,0,0,1,1,1,0,0,1,0,0
1328,2792,2,520,1510,1584,0,2,8,1,0,0,0,2,1,0,0,0,1,0,0
1329,1632,2,462,935,955,1,2,8,1,1,0,0,1,0,0,0,0,0,0,0
1330,1588,3,825,1588,1588,0,2,7,0,1,410,0,1,1,0,0,1,0,0,0
1331,954,2,576,911,954,1,1,6,1,0,0,1,0,0,1,0,0,1,0,0
1332,816,1,288,816,816,1,1,3,1,0,0,0,1,0,1,0,0,1,0,0
1333,1360,1,297,803,803,1,1,6,0,0,0,1,0,0,1,0,0,1,0,0
1334,1365,2,440,765,765,1,1,7,1,0,312,1,0,0,1,0,0,1,0,0
1335,1334,2,630,1350,1334,1,2,6,1,0,360,0,1,0,0,0,0,0,0,0
1336,1656,2,506,1656,1656,1,2,8,1,0,564,1,0,0,1,0,0,1,0,0
1337,693,0,0,693,693,1,1,4,0,0,0,1,0,0,1,0,0,0,0,0
1338,1861,2,492,916,920,0,2,8,0,1,0,1,0,1,0,1,0,0,0,0
1339,864,1,288,864,864,1,1,5,1,0,0,1,0,0,1,0,0,0,0,0
1340,872,4,480,858,872,1,1,5,1,0,0,1,0,0,1,0,0,1,0,0
1341,1114,2,576,1114,1114,1,1,6,0,1,0,1,0,0,0,1,0,1,0,0
1342,2169,2,647,1284,1284,0,2,7,0,1,149,0,1,1,0,0,1,0,0,0
1343,1913,2,342,896,1172,1,1,9,1,0,0,0,1,0,1,0,0,1,0,0
1344,1456,2,440,728,728,0,2,8,0,1,0,0,1,1,0,0,0,0,0,0
1345,960,1,308,960,960,1,1,5,0,1,0,1,0,0,1,0,0,1,0,0
1346,2156,2,508,1568,2156,1,2,9,1,0,0,0,1,0,1,0,0,0,0,0
1347,1776,3,712,1732,1776,0,2,7,0,1,100,0,1,1,0,1,1,0,0,0
1348,1494,2,514,1482,1494,0,2,5,0,1,0,0,1,1,0,1,0,0,0,0
1349,2358,0,0,684,938,1,2,8,1,0,0,1,0,0,1,0,1,0,0,0
1350,2634,4,968,1248,1338,1,2,12,1,0,368,1,0,0,1,0,0,1,0,0
1351,1716,2,490,858,858,1,1,8,1,0,318,0,1,0,1,0,0,0,0,0
1352,1176,2,624,698,786,0,1,4,1,0,0,1,0,1,1,0,0,1,0,0
1353,3238,3,666,2033,2053,0,2,9,0,1,579,0,1,1,0,1,1,0,0,0
1354,1865,3,839,992,992,0,2,7,0,1,0,0,1,1,0,1,0,0,0,0
1355,1920,2,487,570,1222,1,3,8,0,0,143,0,1,0,1,0,0,0,0,0
1356,892,1,264,864,892,1,1,5,1,0,65,1,0,0,1,0,0,0,0,0
1357,1078,2,500,1078,1078,1,1,6,1,0,0,0,1,0,1,1,0,0,0,0
1358,1573,2,440,756,769,0,2,5,0,1,216,1,0,1,0,1,0,1,0,0
1359,1980,3,770,1980,1980,0,2,8,0,1,66,0,1,1,0,1,0,0,1,1
1360,2601,2,621,612,990,1,3,8,1,0,0,1,0,0,1,0,0,0,0,0
1361,1530,2,430,1530,1530,0,2,7,0,1,16,0,1,1,0,0,0,0,0,0
1362,1738,1,368,715,1281,1,2,7,1,0,0,0,1,0,1,0,0,1,0,0
1363,1412,2,432,616,616,1,2,6,0,1,0,0,1,0,0,0,0,0,0,0
1364,1200,2,480,600,520,0,2,4,0,1,0,1,0,1,0,0,0,0,0,0
1365,1674,2,663,814,814,0,2,7,0,1,0,1,0,1,0,1,0,0,0,0
1366,1790,2,588,873,882,0,2,7,0,1,158,1,0,1,0,1,0,0,0,0
1367,1475,1,336,757,925,1,2,6,1,1,0,0,1,0,1,0,0,0,0,0
1368,848,2,420,848,848,0,1,4,0,1,170,1,0,1,0,1,0,0,0,0
1369,1668,2,502,1657,1668,0,2,8,0,1,171,0,1,1,0,0,1,0,0,0
1370,1374,1,338,840,840,0,1,6,1,1,0,1,0,0,1,0,0,0,0,0
1371,1661,1,377,992,1661,1,1,8,0,0,0,0,1,0,1,0,0,0,0,0
1372,2097,2,583,1108,1108,1,2,8,0,1,0,0,1,0,0,1,0,0,0,0
1373,2633,3,804,2633,2633,0,2,8,0,1,705,0,2,0,0,1,0,0,0,0
1374,1958,3,936,1026,1026,0,2,9,0,1,0,0,1,1,0,0,0,0,0,0
1375,1571,3,722,1571,1571,0,2,7,0,1,80,0,1,1,0,0,1,0,0,0
1376,790,1,160,768,790,1,1,4,1,0,0,1,0,0,0,0,0,1,0,0
1377,1604,2,660,984,984,1,2,6,1,0,0,1,0,0,1,0,0,1,0,0
1378,987,1,264,483,483,1,1,5,1,0,408,1,0,0,1,0,0,1,0,0
1379,1394,2,400,384,754,1,2,7,0,1,0,1,0,0,0,0,0,0,0,0
1380,864,1,200,864,864,1,1,5,1,0,0,1,0,0,1,0,0,1,0,0
1381,2117,2,550,1205,2117,1,2,7,1,0,0,0,2,0,1,0,0,0,0,0
1382,1762,2,576,596,998,1,1,8,0,0,0,1,0,0,0,0,0,1,0,0
1383,1416,2,576,816,1416,1,2,7,0,0,0,1,0,0,1,0,0,1,0,0
1384,1258,1,280,560,698,1,1,6,1,0,0,1,0,0,1,0,0,1,0,0
1385,1154,1,240,796,796,1,1,7,0,0,0,1,0,0,1,0,0,1,0,0
1386,2784,2,564,1392,1392,1,3,12,0,0,184,0,2,0,0,0,0,0,0,0
1387,2526,1,216,714,1664,1,2,10,0,0,0,0,1,0,1,0,0,1,0,0
1388,1746,3,758,1746,1746,0,2,7,0,1,160,0,2,0,0,1,0,0,1,0
1389,1218,2,440,735,869,1,1,6,1,0,0,0,1,0,1,0,0,1,0,0
1390,1525,2,541,1525,1525,0,2,6,0,1,244,1,0,1,0,1,0,0,0,0
1391,1584,3,792,1584,1584,1,2,8,1,0,0,1,0,0,1,0,0,1,0,0
1392,900,1,288,864,900,1,1,6,1,0,0,0,1,0,1,0,0,0,0,0
1393,1912,2,672,482,1221,1,2,7,1,0,0,0,1,0,0,0,0,1,0,0
1394,1500,3,648,1356,1500,0,2,6,0,1,45,0,1,1,0,1,0,0,0,0
1395,2482,3,642,1094,1133,0,2,9,0,1,245,0,1,1,0,0,1,0,0,0
1396,1687,2,572,747,1687,1,1,7,1,0,0,0,2,0,1,0,0,1,0,0
1397,1513,1,180,939,939,1,1,8,1,0,0,1,0,0,1,0,0,1,0,0
1398,1904,1,240,1208,1136,1,1,7,1,0,0,1,0,0,1,0,0,1,0,0
1399,1608,1,216,976,1160,1,2,7,0,0,0,0,1,0,1,0,0,1,0,0
1400,1158,1,208,862,950,1,1,5,1,0,0,0,1,0,1,0,0,0,0,0
1401,1593,2,398,839,864,1,2,8,1,1,0,0,1,0,1,1,0,0,0,0
1402,1294,2,662,1286,1294,0,2,6,0,1,0,0,1,1,0,0,0,0,0,0
1403,1464,3,754,1485,1464,0,2,6,0,1,84,1,0,1,0,1,1,1,0,0
1404,1214,3,936,672,694,1,1,6,1,1,0,1,0,0,1,0,0,1,0,0
1405,1646,2,482,1594,1646,0,2,5,0,1,174,0,1,1,0,1,1,0,0,0
1406,768,2,396,768,768,1,1,5,1,0,0,1,0,0,0,1,0,1,0,0
1407,833,0,0,833,833,1,1,5,1,0,0,1,0,0,1,0,0,0,0,0
1408,1363,2,528,622,741,1,1,6,1,0,0,1,0,0,0,0,0,1,0,0
1409,2093,2,542,791,1236,1,2,7,1,0,123,0,1,0,0,0,0,0,0,0
1410,1840,2,622,944,944,0,2,6,0,1,0,1,0,1,0,1,0,0,0,0
1411,1668,1,271,856,1112,1,1,6,1,0,0,1,0,0,1,0,0,1,0,0
1412,1040,2,420,0,1040,1,2,6,1,0,0,1,0,0,0,0,0,1,0,0
1413,1844,2,620,1844,1844,0,2,7,0,1,366,0,1,1,0,1,1,0,0,0
1414,1848,2,370,833,1053,1,1,8,0,0,0,0,1,0,1,0,0,1,0,0
1415,1569,3,660,1386,1569,0,2,7,0,1,130,0,1,1,0,0,0,0,0,0
1416,2290,2,560,777,1246,1,2,11,1,1,0,1,0,0,1,0,0,1,0,0
1417,2450,3,1069,1284,1310,0,2,7,0,1,731,0,1,1,0,1,1,0,0,0
1418,1144,1,336,1144,1144,1,1,6,1,0,0,1,0,0,1,0,0,1,0,0
1419,1844,2,540,1844,1844,0,2,7,0,0,312,0,1,1,1,0,0,0,0,0
1420,1416,2,776,708,708,1,2,7,1,0,420,0,1,0,1,0,0,0,0,0
1421,1069,2,440,1069,1069,1,2,4,1,0,0,0,1,0,0,0,0,0,0,0
1422,848,2,420,848,848,0,1,3,0,1,170,1,0,1,0,1,0,0,0,0
1423,2201,2,432,697,1575,0,2,8,0,0,0,0,1,1,0,0,0,1,0,0
1424,1344,1,484,1024,1344,1,1,6,1,0,0,0,1,0,1,0,0,1,0,0
1425,1252,2,528,1252,1252,0,1,7,0,0,243,1,0,1,1,0,0,1,0,0
1426,2127,2,525,1223,1223,0,2,5,0,1,448,0,2,1,0,1,0,0,0,0
1427,1558,1,288,913,1048,1,1,6,1,0,0,0,1,0,1,0,0,1,0,0
1428,804,1,240,788,804,1,1,4,0,0,294,0,2,0,1,0,0,1,0,0
1429,1440,2,467,1440,1440,0,2,7,0,0,310,0,1,1,0,0,0,0,0,0
1430,1838,2,372,732,734,0,2,7,1,1,0,0,1,1,0,0,0,0,0,0
1431,958,2,440,958,958,1,2,5,1,0,0,1,0,0,0,0,0,0,0,0
1432,968,1,216,656,968,1,2,5,1,0,0,1,0,0,1,0,0,1,0,0
1433,1792,2,451,936,962,1,2,8,1,1,318,0,1,0,0,0,0,0,0,0
1434,1126,2,484,1126,1126,1,2,5,1,0,0,0,1,0,1,0,0,0,0,0
1435,1537,2,462,1319,1537,0,1,7,0,0,237,0,1,1,1,0,0,0,0,0
1436,864,2,528,864,864,1,1,5,1,1,0,1,0,0,1,0,0,1,0,0
1437,1932,3,774,1932,1932,0,2,7,0,1,426,0,1,0,0,1,1,0,0,1
1438,1236,2,923,912,1236,1,1,6,1,0,0,1,0,0,1,1,0,1,0,0
1439,1725,2,550,539,1040,1,2,6,1,0,96,0,1,0,1,1,0,0,0,0
1440,2555,2,672,588,1423,1,2,11,1,0,0,0,1,0,0,0,0,0,0,0
1441,848,2,420,848,848,0,1,3,0,1,147,0,1,1,0,1,0,0,0,0
1442,2007,3,812,1017,1026,0,2,10,0,1,160,0,1,0,0,1,0,0,0,0
1443,952,1,192,952,952,1,1,4,0,0,0,0,1,0,1,0,0,1,0,0
1444,1422,2,626,1422,1422,0,2,7,0,1,106,1,0,1,0,0,0,0,0,0
1445,913,1,240,814,913,1,1,6,1,0,0,1,0,0,1,0,0,1,0,0
1446,1188,1,312,1188,1188,1,1,6,1,0,189,1,0,0,1,0,0,1,0,0
1447,2090,2,556,1220,1220,0,2,8,0,1,438,0,1,1,0,1,1,0,0,0
1448,1346,1,384,560,796,1,1,6,1,0,0,1,0,0,0,0,0,1,0,0
1449,630,0,0,630,630,1,1,3,0,0,0,1,0,0,0,1,0,0,0,0
1450,1792,0,0,896,896,1,2,8,1,0,0,1,0,0,0,0,0,0,0,0
1451,1578,3,840,1573,1578,0,2,7,0,1,194,0,1,1,0,0,1,0,0,0
1452,1072,2,525,547,1072,1,1,5,1,1,80,1,0,0,0,1,0,0,0,0
1453,1140,0,0,1140,1140,1,1,6,1,1,0,1,0,0,0,0,0,0,0,0
1454,1221,2,400,1221,1221,0,2,6,0,1,0,1,0,1,0,1,0,0,0,0
1455,1647,2,460,953,953,1,2,7,1,1,0,0,1,0,0,0,0,0,0,0
1456,2073,2,500,1542,2073,1,2,7,1,0,119,0,2,0,0,0,0,1,0,0
1457,2340,1,252,1152,1188,0,2,9,0,0,0,0,2,0,1,1,0,0,0,0
1458,1078,1,240,1078,1078,1,1,5,0,0,0,1,0,0,1,1,0,1,0,0
1459,1256,1,276,1256,1256,0,1,6,1,0,0,1,0,1,1,0,0,0,0,0
